engine_id,cycle,setting1,setting2,sensor_2,sensor_3,sensor_4,sensor_7,RUL,failure_imminent
1,1,-0.0007,-0.0004,641.82,1589.7,1400.6,554.36,191,0
1,2,0.0019,-0.0003,642.15,1591.82,1403.14,553.75,190,0
1,3,-0.0043,0.0003,642.35,1587.99,1404.2,554.26,189,0
1,4,0.0007,0.0,642.35,1582.79,1401.87,554.45,188,0
1,5,-0.0019,-0.0002,642.37,1582.85,1406.22,554.0,187,0
1,6,-0.0043,-0.0001,642.1,1584.47,1398.37,554.67,186,0
1,7,0.001,0.0001,642.48,1592.32,1397.77,554.34,185,0
1,8,-0.0034,0.0003,642.56,1582.96,1400.97,553.85,184,0
1,9,0.0008,0.0001,642.12,1590.98,1394.8,553.69,183,0
1,10,-0.0033,0.0001,641.71,1591.24,1400.46,553.59,182,0
1,11,0.0018,-0.0003,642.28,1581.75,1400.64,554.54,181,0
1,12,0.0016,0.0002,642.06,1583.41,1400.15,554.52,180,0
1,13,-0.0019,0.0004,643.07,1582.19,1400.83,553.44,179,0
1,14,0.0009,-0.0,642.35,1592.95,1399.16,554.48,178,0
1,15,-0.0018,-0.0003,642.43,1583.82,1402.13,553.64,177,0
1,16,0.0006,0.0005,642.13,1587.98,1404.5,553.94,176,0
1,17,0.0002,0.0002,642.58,1584.96,1399.95,553.8,175,0
1,18,-0.0031,-0.0001,642.62,1591.04,1396.12,554.2,174,0
1,19,0.0032,-0.0003,641.79,1587.56,1400.35,554.18,173,0
1,20,-0.0037,0.0001,643.04,1581.11,1405.23,554.81,172,0
1,21,-0.0012,0.0001,642.37,1586.07,1398.13,554.08,171,0
1,22,0.0002,0.0,642.77,1592.93,1400.57,553.63,170,0
1,23,0.0034,-0.0003,642.14,1588.19,1394.75,553.98,169,0
1,24,-0.001,0.0003,642.38,1590.83,1398.81,553.49,168,0
1,25,0.0023,-0.0004,642.77,1594.1,1399.39,554.0,167,0
1,26,0.0,0.0002,642.16,1589.08,1396.07,554.11,166,0
1,27,-0.0012,-0.0004,642.44,1590.47,1401.84,554.07,165,0
1,28,-0.0024,0.0005,642.35,1582.84,1399.13,554.68,164,0
1,29,0.0012,-0.0001,641.91,1584.83,1400.99,554.25,163,0
1,30,-0.0022,0.0,642.2,1593.52,1396.08,554.37,162,0
1,31,0.0014,0.0005,642.02,1584.18,1396.9,554.13,161,0
1,32,0.0005,-0.0003,642.33,1591.38,1400.36,554.96,160,0
1,33,-0.0042,-0.0004,642.71,1588.4,1402.43,554.61,159,0
1,34,0.0015,-0.0001,642.54,1581.47,1400.48,554.3,158,0
1,35,0.0003,0.0002,642.44,1590.0,1403.0,554.3,157,0
1,36,-0.0004,-0.0002,642.54,1581.72,1405.54,554.53,156,0
1,37,-0.0004,-0.0,641.99,1579.11,1398.9,554.63,155,0
1,38,-0.0018,-0.0002,641.93,1589.6,1399.5,554.7,154,0
1,39,-0.003,-0.0001,642.01,1583.21,1400.69,553.97,153,0
1,40,-0.0,-0.0004,642.24,1582.08,1401.77,554.57,152,0
1,41,0.0033,0.0004,642.4,1591.31,1403.21,553.72,151,0
1,42,0.0005,-0.0004,642.12,1584.66,1401.38,553.94,150,0
1,43,-0.0027,0.0005,642.24,1591.52,1406.05,553.68,149,0
1,44,-0.0001,0.0002,641.93,1586.94,1401.2,554.15,148,0
1,45,-0.0013,-0.0,642.53,1582.42,1399.16,553.83,147,0
1,46,0.0003,0.0001,642.43,1588.29,1401.27,553.76,146,0
1,47,0.0,0.0005,642.21,1580.32,1402.89,554.38,145,0
1,48,0.0019,0.0001,641.89,1588.51,1399.16,554.02,144,0
1,49,-0.0014,0.0005,642.23,1584.35,1397.76,554.23,143,0
1,50,-0.0032,-0.0001,642.77,1588.49,1403.62,553.92,142,0
1,51,-0.001,0.0003,642.81,1585.54,1400.42,553.73,141,0
1,52,0.0018,-0.0001,642.76,1583.77,1395.57,553.04,140,0
1,53,0.0021,-0.0001,642.61,1579.82,1402.26,554.16,139,0
1,54,-0.0002,0.0005,642.42,1592.59,1401.2,553.95,138,0
1,55,0.0009,-0.0,642.41,1584.95,1401.58,554.45,137,0
1,56,0.0007,-0.0002,642.49,1586.33,1400.76,553.98,136,0
1,57,-0.0033,0.0,642.13,1583.67,1402.79,553.42,135,0
1,58,-0.0014,0.0001,641.9,1590.46,1397.99,554.14,134,0
1,59,-0.0006,0.0002,642.33,1596.72,1403.51,554.62,133,0
1,60,-0.001,-0.0002,642.34,1582.75,1403.07,554.0,132,0
1,61,0.0004,0.0005,642.1,1583.55,1405.52,554.09,131,0
1,62,0.0004,0.0001,642.17,1581.59,1399.54,554.45,130,0
1,63,0.0015,0.0002,642.6,1592.14,1395.38,553.48,129,0
1,64,0.0017,0.0002,642.23,1584.51,1400.11,553.88,128,0
1,65,-0.0,0.0005,642.28,1584.72,1403.24,553.97,127,0
1,66,-0.0007,-0.0004,642.5,1588.5,1399.52,554.0,126,0
1,67,0.0016,-0.0004,642.33,1590.22,1403.02,554.31,125,0
1,68,-0.0018,0.0,642.51,1582.06,1404.42,554.04,124,0
1,69,-0.0022,0.0005,642.44,1590.7,1401.24,554.65,123,0
1,70,-0.0005,0.0002,642.22,1584.02,1402.78,554.01,122,0
1,71,0.0016,-0.0003,642.21,1580.41,1403.09,554.06,121,0
1,72,-0.0017,0.0001,642.41,1579.25,1406.81,553.76,120,0
1,73,-0.0012,-0.0002,642.29,1592.04,1397.93,553.88,119,0
1,74,0.0027,0.0001,642.96,1584.65,1401.48,554.03,118,0
1,75,0.0009,-0.0004,641.96,1582.32,1394.82,553.6,117,0
1,76,-0.0015,0.0002,642.21,1589.21,1398.94,553.66,116,0
1,77,0.0022,0.0004,642.55,1586.3,1400.97,554.61,115,0
1,78,0.004,0.0002,641.99,1580.76,1404.1,553.47,114,0
1,79,0.0022,-0.0002,642.12,1582.46,1403.93,553.77,113,0
1,80,-0.0002,-0.0004,641.94,1591.96,1393.58,553.91,112,0
1,81,-0.0018,-0.0004,642.73,1584.82,1402.04,553.88,111,0
1,82,-0.0012,0.0001,642.04,1589.07,1399.17,554.18,110,0
1,83,0.0004,0.0005,642.66,1588.05,1406.38,553.49,109,0
1,84,0.0005,0.0002,642.64,1585.52,1406.6,553.91,108,0
1,85,0.0025,0.0003,642.28,1590.12,1405.96,554.4,107,0
1,86,-0.0012,0.0004,641.84,1588.8,1403.56,553.69,106,0
1,87,0.0,-0.0004,642.33,1586.69,1413.1,554.1,105,0
1,88,0.0029,0.0003,641.96,1581.29,1406.09,554.48,104,0
1,89,0.0008,-0.0001,642.24,1584.73,1402.22,553.91,103,0
1,90,0.0017,-0.0001,642.67,1584.38,1412.93,552.88,102,0
1,91,0.0025,-0.0004,641.98,1584.84,1404.76,553.54,101,0
1,92,0.001,-0.0002,642.89,1590.03,1400.77,553.81,100,0
1,93,0.0032,0.0002,642.85,1593.74,1408.48,554.07,99,0
1,94,-0.0021,0.0002,642.45,1583.27,1404.94,553.86,98,0
1,95,0.0019,0.0003,642.86,1577.6,1410.1,553.91,97,0
1,96,-0.0034,0.0001,642.19,1584.07,1395.16,553.34,96,0
1,97,0.0035,-0.0003,642.07,1595.77,1407.81,553.4,95,0
1,98,0.0006,0.0004,642.0,1591.11,1404.56,552.75,94,0
1,99,-0.0005,-0.0,642.46,1592.73,1406.13,553.76,93,0
1,100,-0.0021,-0.0003,642.22,1589.63,1411.35,554.22,92,0
1,101,0.0012,0.0003,642.75,1584.18,1403.41,553.37,91,0
1,102,0.0017,0.0005,642.85,1589.11,1403.42,553.42,90,0
1,103,-0.0013,0.0001,642.21,1581.27,1403.21,553.64,89,0
1,104,-0.0001,0.0001,642.29,1590.63,1406.25,553.66,88,0
1,105,0.0024,0.0004,642.01,1588.28,1403.22,553.11,87,0
1,106,0.0,0.0001,642.68,1589.05,1404.45,553.6,86,0
1,107,-0.0012,-0.0001,642.53,1595.13,1407.73,553.74,85,0
1,108,0.0008,0.0001,643.49,1585.91,1399.47,554.43,84,0
1,109,-0.0011,-0.0003,642.49,1586.45,1409.1,553.59,83,0
1,110,-0.0,0.0004,642.55,1590.01,1401.27,554.08,82,0
1,111,0.0008,0.0004,642.67,1584.38,1408.11,553.49,81,0
1,112,0.0005,0.0003,642.66,1586.46,1401.84,553.19,80,0
1,113,0.0007,0.0001,642.68,1590.85,1406.59,552.91,79,0
1,114,0.0003,0.0004,642.31,1588.42,1402.97,554.29,78,0
1,115,-0.0017,0.0005,642.66,1594.84,1406.6,554.13,77,0
1,116,-0.002,-0.0003,642.64,1580.31,1401.99,554.4,76,0
1,117,0.0005,0.0004,642.38,1589.77,1409.35,554.59,75,0
1,118,-0.0006,-0.0004,642.34,1585.67,1409.34,554.25,74,0
1,119,0.0013,0.0005,642.67,1596.8,1404.46,553.77,73,0
1,120,-0.0024,0.0005,642.81,1593.78,1407.68,553.66,72,0
1,121,-0.0033,0.0004,642.63,1593.56,1411.9,553.7,71,0
1,122,0.0026,-0.0001,643.3,1593.68,1413.97,553.43,70,0
1,123,0.0016,-0.0002,643.39,1586.66,1403.04,552.64,69,0
1,124,0.0025,0.0002,642.48,1587.14,1402.28,552.26,68,0
1,125,-0.0004,0.0005,642.96,1585.47,1406.42,552.44,67,0
1,126,0.0016,0.0001,642.49,1582.64,1418.5,553.72,66,0
1,127,-0.001,0.0002,642.99,1586.9,1399.49,553.81,65,0
1,128,-0.0006,0.0003,642.47,1593.87,1407.06,552.74,64,0
1,129,-0.0033,0.0003,642.41,1591.33,1408.42,552.42,63,0
1,130,-0.0007,0.0002,642.7,1585.9,1412.25,552.66,62,0
1,131,0.0002,-0.0001,643.01,1585.78,1413.25,553.7,61,0
1,132,0.0032,-0.0001,643.19,1596.06,1405.76,553.16,60,0
1,133,0.0032,-0.0002,642.45,1592.64,1410.11,553.82,59,0
1,134,-0.0014,0.0,642.85,1583.62,1402.67,553.2,58,0
1,135,-0.0017,0.0001,642.45,1585.55,1406.83,553.09,57,0
1,136,0.003,-0.0001,642.84,1584.72,1404.39,554.18,56,0
1,137,-0.0011,0.0,642.43,1594.69,1405.15,553.39,55,0
1,138,-0.0011,0.0001,642.79,1589.82,1413.34,552.91,54,0
1,139,-0.0014,0.0005,643.11,1592.28,1412.6,553.25,53,0
1,140,-0.0006,-0.0001,643.05,1590.89,1408.36,552.15,52,0
1,141,-0.0023,0.0005,642.39,1590.02,1415.25,553.45,51,0
1,142,0.0026,0.0002,642.51,1595.29,1413.42,553.11,50,0
1,143,-0.0005,-0.0003,642.77,1593.1,1404.21,553.62,49,0
1,144,0.0025,-0.0004,643.09,1591.89,1405.76,553.77,48,0
1,145,-0.0004,-0.0001,642.95,1594.92,1409.63,553.03,47,0
1,146,0.0002,-0.0003,642.72,1586.75,1408.82,552.6,46,0
1,147,0.0047,0.0001,642.25,1594.85,1409.96,553.09,45,0
1,148,0.001,-0.0004,643.02,1590.03,1411.89,552.84,44,0
1,149,0.0025,0.0004,642.9,1592.78,1410.7,552.54,43,0
1,150,0.001,-0.0003,643.06,1589.01,1409.22,553.57,42,0
1,151,-0.0019,-0.0001,642.82,1592.39,1411.94,552.41,41,0
1,152,0.0009,-0.0001,642.67,1598.6,1420.83,552.62,40,0
1,153,0.0011,-0.0004,642.99,1589.17,1414.56,552.68,39,0
1,154,-0.0012,0.0,642.81,1597.03,1416.07,552.57,38,0
1,155,-0.0033,0.0002,642.83,1590.4,1414.89,552.89,37,0
1,156,-0.002,0.0003,643.04,1585.61,1421.23,553.24,36,0
1,157,-0.0018,0.0002,642.2,1598.04,1412.47,552.32,35,0
1,158,-0.0023,0.0001,642.88,1596.82,1410.09,553.19,34,0
1,159,-0.0006,0.0001,642.89,1589.54,1420.37,552.18,33,0
1,160,-0.0006,-0.0004,643.45,1590.65,1418.08,551.87,32,0
1,161,0.0008,0.0001,643.0,1594.2,1417.31,552.8,31,0
1,162,-0.0005,0.0004,643.15,1592.22,1423.48,552.68,30,1
1,163,0.0003,-0.0004,642.85,1600.54,1421.09,552.41,29,1
1,164,0.0005,-0.0002,643.17,1598.96,1416.76,551.9,28,1
1,165,0.001,0.0004,642.76,1597.03,1408.09,552.79,27,1
1,166,-0.0022,-0.0003,643.34,1596.72,1422.37,552.13,26,1
1,167,0.0012,0.0003,643.02,1593.83,1414.72,552.57,25,1
1,168,-0.0043,0.0002,642.68,1591.19,1415.7,552.09,24,1
1,169,-0.0017,0.0004,643.2,1590.16,1418.05,552.71,23,1
1,170,-0.0017,-0.0002,642.92,1592.71,1417.41,552.02,22,1
1,171,0.0004,-0.0003,643.26,1592.06,1414.99,552.71,21,1
1,172,-0.0014,-0.0003,643.33,1591.71,1413.73,551.69,20,1
1,173,-0.0032,0.0002,642.97,1590.69,1425.27,552.13,19,1
1,174,-0.0001,-0.0002,642.64,1599.81,1422.58,552.32,18,1
1,175,0.0001,0.0002,643.61,1603.29,1422.52,551.64,17,1
1,176,-0.002,-0.0003,642.86,1592.27,1422.73,551.91,16,1
1,177,-0.0038,-0.0003,643.79,1602.02,1423.99,551.93,15,1
1,178,-0.0001,0.0002,643.38,1605.33,1424.65,552.18,14,1
1,179,0.0023,-0.0003,642.86,1592.56,1429.45,551.57,13,1
1,180,-0.0024,0.0,643.58,1599.87,1417.14,552.91,12,1
1,181,-0.0006,0.0005,643.44,1596.71,1420.64,551.83,11,1
1,182,-0.001,0.0003,644.21,1602.08,1426.62,551.9,10,1
1,183,0.0001,0.0001,643.24,1597.23,1419.03,551.38,9,1
1,184,0.0004,0.0003,644.07,1605.44,1432.52,551.0,8,1
1,185,0.0008,0.0001,643.8,1603.46,1424.4,551.64,7,1
1,186,0.0027,-0.0003,643.51,1595.16,1426.3,552.57,6,1
1,187,-0.0047,-0.0,643.32,1592.1,1427.27,551.08,5,1
1,188,-0.0067,0.0003,643.75,1602.38,1422.78,551.94,4,1
1,189,-0.0006,0.0002,644.18,1596.17,1428.01,550.7,3,1
1,190,-0.0027,0.0001,643.64,1599.22,1425.95,551.29,2,1
1,191,-0.0,-0.0004,643.34,1602.36,1425.77,550.92,1,1
1,192,0.0009,-0.0,643.54,1601.41,1427.2,551.25,0,1
2,1,-0.0018,0.0006,641.89,1583.84,1391.28,554.53,286,0
2,2,0.0043,-0.0003,641.82,1587.05,1393.13,554.77,285,0
2,3,0.0018,0.0003,641.55,1588.32,1398.96,555.14,284,0
2,4,0.0035,-0.0004,641.68,1584.15,1396.08,554.25,283,0
2,5,0.0005,0.0004,641.73,1579.03,1402.52,555.12,282,0
2,6,-0.001,0.0004,641.3,1577.5,1396.76,554.98,281,0
2,7,0.0001,-0.0002,642.03,1587.49,1400.65,554.84,280,0
2,8,0.0015,-0.0004,642.55,1590.41,1395.39,554.65,279,0
2,9,0.0017,-0.0004,641.98,1581.99,1395.01,554.69,278,0
2,10,-0.0045,0.0002,641.99,1586.37,1394.86,554.63,277,0
2,11,0.0006,0.0004,642.26,1589.21,1401.29,554.7,276,0
2,12,0.0002,0.0006,641.64,1579.99,1401.9,554.57,275,0
2,13,0.0007,0.0005,641.78,1586.77,1401.53,554.69,274,0
2,14,-0.0024,-0.0004,641.66,1584.04,1395.46,554.47,273,0
2,15,-0.0012,-0.0003,642.21,1579.84,1402.11,554.17,272,0
2,16,-0.001,0.0003,641.81,1581.99,1393.46,554.53,271,0
2,17,0.0003,-0.0001,642.43,1583.58,1390.27,553.62,270,0
2,18,0.0014,0.0001,641.95,1588.43,1400.25,554.83,269,0
2,19,0.0025,0.0001,641.75,1576.84,1401.77,555.25,268,0
2,20,0.0042,-0.0004,642.34,1582.94,1394.38,554.64,267,0
2,21,-0.0023,0.0001,642.05,1579.51,1392.28,554.72,266,0
2,22,0.0024,0.0006,642.16,1580.18,1397.67,554.35,265,0
2,23,-0.0013,0.0003,642.37,1580.89,1387.5,554.69,264,0
2,24,-0.0019,-0.0,641.99,1580.97,1398.67,553.5,263,0
2,25,0.0063,0.0001,641.81,1585.38,1396.62,554.14,262,0
2,26,-0.0011,0.0003,641.87,1575.38,1392.3,554.03,261,0
2,27,0.0006,0.0005,642.12,1585.44,1402.31,555.16,260,0
2,28,0.0037,0.0005,642.04,1581.6,1397.45,554.77,259,0
2,29,-0.0032,-0.0003,642.08,1583.78,1398.08,554.75,258,0
2,30,0.0012,0.0,641.78,1590.32,1395.07,554.62,257,0
2,31,-0.0009,0.0005,641.97,1579.86,1390.94,554.8,256,0
2,32,0.0013,-0.0001,641.58,1584.52,1391.11,554.56,255,0
2,33,-0.0032,0.0004,641.79,1585.17,1396.15,553.62,254,0
2,34,0.0042,0.0003,642.12,1584.08,1394.24,555.09,253,0
2,35,0.002,0.0002,641.37,1575.73,1392.55,554.73,252,0
2,36,0.0013,0.0004,641.27,1581.56,1397.13,554.59,251,0
2,37,0.005,0.0005,642.1,1585.63,1396.29,555.01,250,0
2,38,0.0013,0.0005,642.22,1585.15,1397.75,554.21,249,0
2,39,-0.0018,0.0005,642.0,1585.69,1391.49,554.05,248,0
2,40,0.0005,0.0005,642.02,1582.69,1398.38,554.07,247,0
2,41,0.0015,0.0006,642.41,1578.97,1398.74,554.34,246,0
2,42,0.0016,0.0005,642.27,1579.21,1392.13,553.98,245,0
2,43,0.0027,0.0,642.02,1580.59,1391.6,554.14,244,0
2,44,0.0003,0.0003,642.01,1584.33,1398.69,554.16,243,0
2,45,-0.0014,-0.0002,642.05,1586.41,1397.6,554.2,242,0
2,46,0.0002,-0.0003,642.15,1575.45,1392.6,554.54,241,0
2,47,0.0021,0.0003,642.4,1583.85,1396.46,554.96,240,0
2,48,0.0006,-0.0001,642.09,1586.71,1397.95,554.67,239,0
2,49,-0.0006,0.0005,642.85,1583.86,1396.5,554.04,238,0
2,50,-0.0002,-0.0004,642.02,1577.86,1399.78,554.73,237,0
2,51,0.0008,0.0003,642.03,1585.34,1393.06,555.02,236,0
2,52,-0.001,-0.0001,641.52,1588.48,1401.66,554.76,235,0
2,53,-0.0023,-0.0001,642.0,1584.9,1397.09,554.33,234,0
2,54,0.0004,-0.0003,641.58,1583.46,1405.33,554.42,233,0
2,55,-0.0035,-0.0004,642.33,1585.59,1387.16,554.54,232,0
2,56,-0.0035,0.0002,641.84,1587.04,1388.97,554.72,231,0
2,57,-0.0003,-0.0001,642.5,1584.13,1389.62,553.87,230,0
2,58,-0.0,-0.0002,642.3,1582.93,1389.91,554.46,229,0
2,59,0.0032,-0.0,642.48,1584.24,1397.95,554.6,228,0
2,60,0.0014,-0.0002,642.09,1584.57,1396.84,554.06,227,0
2,61,-0.0044,0.0001,642.41,1585.45,1399.71,555.08,226,0
2,62,-0.0017,-0.0001,641.81,1577.87,1401.66,554.52,225,0
2,63,-0.0014,0.0005,641.91,1575.83,1395.05,554.63,224,0
2,64,-0.0,0.0001,641.66,1581.65,1401.46,554.93,223,0
2,65,0.0008,0.0,641.7,1582.59,1395.4,554.28,222,0
2,66,0.0005,-0.0002,642.26,1584.6,1394.01,554.11,221,0
2,67,-0.0036,-0.0001,642.17,1587.63,1395.44,554.99,220,0
2,68,0.0008,0.0001,642.5,1577.16,1399.27,554.07,219,0
2,69,-0.0004,0.0,642.73,1586.47,1399.73,554.35,218,0
2,70,0.0005,-0.0002,641.76,1593.24,1397.3,554.47,217,0
2,71,-0.0004,0.0002,642.39,1586.68,1403.09,555.01,216,0
2,72,-0.0007,-0.0001,642.48,1583.11,1393.85,554.54,215,0
2,73,-0.0004,-0.0001,641.73,1586.57,1400.98,554.41,214,0
2,74,-0.0013,0.0001,642.39,1584.04,1396.13,555.36,213,0
2,75,0.0025,0.0004,641.64,1578.27,1390.64,555.45,212,0
2,76,-0.0037,0.0001,642.01,1586.91,1399.66,554.05,211,0
2,77,0.0003,0.0,641.97,1588.54,1395.38,554.06,210,0
2,78,0.0004,-0.0001,642.44,1587.2,1394.24,554.83,209,0
2,79,0.0021,0.0004,641.62,1585.59,1398.51,554.19,208,0
2,80,0.0027,-0.0,641.37,1588.33,1394.0,554.94,207,0
2,81,0.0006,-0.0001,641.72,1578.31,1390.12,555.25,206,0
2,82,0.0035,-0.0001,641.86,1587.24,1402.78,554.17,205,0
2,83,0.0,-0.0004,641.73,1585.18,1398.81,554.18,204,0
2,84,-0.0037,-0.0004,642.41,1586.46,1402.26,554.86,203,0
2,85,0.0002,0.0004,641.73,1588.31,1398.33,554.5,202,0
2,86,0.0004,-0.0,641.85,1579.31,1399.12,554.51,201,0
2,87,0.0019,-0.0002,642.36,1582.64,1399.51,554.77,200,0
2,88,0.0007,-0.0002,642.23,1587.88,1398.17,554.71,199,0
2,89,0.0017,0.0005,641.95,1584.62,1394.07,554.18,198,0
2,90,0.0019,-0.0003,642.06,1580.77,1405.34,554.1,197,0
2,91,-0.0007,-0.0002,642.09,1583.57,1399.47,553.79,196,0
2,92,-0.0006,0.0005,642.36,1584.87,1399.17,554.28,195,0
2,93,0.0019,-0.0004,642.21,1591.68,1392.48,553.92,194,0
2,94,0.0,0.0005,642.1,1585.62,1395.39,554.53,193,0
2,95,-0.0022,0.0002,642.56,1579.26,1402.79,553.99,192,0
2,96,-0.0026,0.0006,642.42,1576.94,1399.59,554.4,191,0
2,97,0.0008,0.0001,642.04,1586.12,1400.5,554.42,190,0
2,98,-0.0001,0.0003,641.73,1587.84,1401.08,554.57,189,0
2,99,-0.0034,-0.0004,642.04,1585.48,1400.97,554.43,188,0
2,100,0.0076,-0.0001,642.04,1586.01,1402.72,554.48,187,0
2,101,0.0031,-0.0,641.96,1582.66,1397.81,555.07,186,0
2,102,0.0016,0.0001,642.44,1590.24,1407.05,554.44,185,0
2,103,-0.0022,0.0002,642.05,1587.75,1392.16,554.44,184,0
2,104,-0.0034,0.0002,642.41,1582.04,1397.31,554.91,183,0
2,105,-0.005,0.0004,641.94,1585.65,1397.45,554.81,182,0
2,106,0.0002,-0.0004,641.87,1584.61,1402.62,553.96,181,0
2,107,0.0011,-0.0001,642.52,1581.7,1402.93,554.21,180,0
2,108,0.0014,0.0004,642.24,1578.45,1396.25,554.29,179,0
2,109,0.0014,0.0,642.12,1590.41,1392.9,553.72,178,0
2,110,-0.0013,-0.0002,642.29,1583.3,1398.47,554.5,177,0
2,111,0.0039,0.0,642.24,1576.85,1393.76,554.42,176,0
2,112,-0.0023,-0.0002,642.49,1588.35,1397.2,554.33,175,0
2,113,-0.003,0.0,641.95,1584.21,1404.74,554.07,174,0
2,114,-0.0005,-0.0002,642.13,1576.56,1397.05,555.1,173,0
2,115,-0.0041,-0.0001,642.16,1583.27,1401.33,554.37,172,0
2,116,-0.001,0.0004,642.38,1577.87,1398.39,554.45,171,0
2,117,-0.0031,-0.0,641.97,1583.84,1395.4,554.6,170,0
2,118,-0.0013,0.0004,641.95,1580.49,1400.99,553.96,169,0
2,119,0.0,-0.0002,642.67,1585.06,1401.87,554.32,168,0
2,120,-0.0001,0.0004,642.01,1589.61,1394.39,554.42,167,0
2,121,0.0027,0.0003,642.04,1580.19,1391.52,554.51,166,0
2,122,0.0011,0.0003,642.08,1585.52,1405.27,553.82,165,0
2,123,-0.001,-0.0004,642.11,1588.59,1403.23,554.31,164,0
2,124,-0.0002,0.0004,642.37,1583.12,1399.26,554.58,163,0
2,125,-0.0015,0.0001,642.71,1586.32,1397.94,554.81,162,0
2,126,0.0006,0.0005,642.07,1587.45,1403.41,554.03,161,0
2,127,-0.0002,-0.0004,642.26,1586.65,1400.81,554.08,160,0
2,128,-0.0008,0.0,641.54,1592.2,1397.34,554.16,159,0
2,129,0.0007,0.0004,641.66,1590.59,1400.25,554.6,158,0
2,130,0.0035,-0.0003,642.06,1584.83,1409.98,554.42,157,0
2,131,-0.0001,0.0001,641.96,1587.61,1394.26,554.88,156,0
2,132,0.0002,0.0006,642.01,1586.66,1398.78,554.4,155,0
2,133,-0.0016,-0.0004,642.84,1581.22,1393.87,554.21,154,0
2,134,0.0026,0.0001,642.76,1586.44,1406.2,553.88,153,0
2,135,0.0009,-0.0002,642.02,1580.12,1404.56,554.52,152,0
2,136,0.001,-0.0003,642.06,1582.91,1402.67,554.5,151,0
2,137,0.0044,-0.0004,642.46,1585.36,1406.79,554.42,150,0
2,138,0.0012,0.0004,642.34,1585.19,1398.95,555.03,149,0
2,139,-0.0003,0.0005,642.63,1590.88,1400.87,554.24,148,0
2,140,0.0014,-0.0001,642.29,1593.7,1403.14,554.86,147,0
2,141,0.0019,0.0003,642.07,1585.09,1403.25,554.7,146,0
2,142,-0.0007,0.0004,641.91,1586.41,1401.27,554.18,145,0
2,143,0.0001,0.0004,642.31,1588.88,1400.49,554.05,144,0
2,144,-0.0005,0.0002,642.02,1584.35,1401.21,553.96,143,0
2,145,-0.0021,0.0001,642.01,1582.72,1403.53,554.1,142,0
2,146,0.0043,-0.0001,642.52,1590.06,1405.09,554.25,141,0
2,147,0.0004,-0.0001,642.27,1588.78,1394.58,554.16,140,0
2,148,0.0018,0.0004,642.65,1584.5,1398.3,554.32,139,0
2,149,-0.002,-0.0003,642.03,1587.88,1404.41,553.84,138,0
2,150,-0.0021,0.0004,642.62,1585.43,1393.74,554.13,137,0
2,151,0.0051,-0.0004,642.54,1590.21,1398.31,553.66,136,0
2,152,-0.0004,0.0003,642.38,1583.49,1400.9,553.86,135,0
2,153,0.0043,0.0002,641.96,1594.33,1397.52,553.78,134,0
2,154,0.0012,0.0001,642.34,1591.3,1413.28,554.45,133,0
2,155,-0.0022,-0.0003,642.17,1580.93,1397.45,553.84,132,0
2,156,-0.0045,0.0004,642.15,1578.73,1399.13,554.7,131,0
2,157,-0.0014,-0.0004,642.04,1588.7,1400.63,553.71,130,0
2,158,0.0014,0.0001,641.99,1586.95,1404.68,554.67,129,0
2,159,-0.0018,-0.0003,641.81,1593.89,1399.71,553.7,128,0
2,160,0.0033,-0.0003,642.53,1585.65,1409.72,554.65,127,0
2,161,-0.0031,0.0003,642.08,1586.65,1396.32,554.18,126,0
2,162,0.0028,0.0003,641.71,1588.83,1401.23,553.95,125,0
2,163,0.0007,0.0004,642.88,1589.56,1396.2,553.96,124,0
2,164,0.0043,0.0003,642.82,1588.23,1405.5,554.31,123,0
2,165,-0.0043,0.0004,642.17,1588.55,1402.96,553.71,122,0
2,166,-0.0068,0.0002,641.79,1589.09,1394.26,553.71,121,0
2,167,0.0005,-0.0001,642.25,1588.74,1395.35,553.62,120,0
2,168,-0.0026,-0.0003,642.55,1593.95,1404.01,554.32,119,0
2,169,-0.0004,0.0003,642.26,1581.85,1406.06,553.06,118,0
2,170,0.0025,0.0004,642.14,1577.26,1405.93,553.84,117,0
2,171,0.0012,0.0005,642.21,1587.94,1410.34,553.84,116,0
2,172,-0.0041,0.0004,642.07,1589.42,1398.26,553.69,115,0
2,173,0.0003,-0.0002,642.66,1589.0,1403.22,554.64,114,0
2,174,-0.0009,-0.0003,642.34,1588.01,1403.24,553.76,113,0
2,175,-0.0005,0.0005,642.46,1584.58,1398.37,554.01,112,0
2,176,-0.001,-0.0004,642.32,1585.73,1405.47,554.15,111,0
2,177,0.0004,-0.0001,642.35,1586.88,1400.31,554.59,110,0
2,178,0.0031,0.0003,642.43,1590.29,1404.39,553.83,109,0
2,179,-0.0024,-0.0001,642.33,1584.55,1399.3,553.86,108,0
2,180,-0.0011,0.0,642.5,1593.51,1402.27,554.21,107,0
2,181,0.0003,-0.0002,642.01,1585.87,1399.24,554.29,106,0
2,182,-0.0,-0.0002,642.39,1586.42,1406.61,553.63,105,0
2,183,-0.0015,-0.0002,642.6,1584.95,1406.15,554.35,104,0
2,184,0.0037,0.0,642.43,1585.66,1408.13,554.99,103,0
2,185,-0.002,0.0004,642.66,1581.09,1407.11,554.53,102,0
2,186,-0.0004,0.0002,642.8,1582.46,1404.35,554.42,101,0
2,187,0.0019,0.0002,642.69,1588.88,1407.54,553.32,100,0
2,188,0.0024,0.0002,642.64,1582.97,1402.72,554.26,99,0
2,189,0.0003,0.0002,642.81,1583.54,1403.09,554.03,98,0
2,190,0.0013,0.0004,642.48,1592.5,1405.73,554.4,97,0
2,191,-0.0009,0.0004,642.23,1584.59,1407.64,553.42,96,0
2,192,0.0003,0.0002,642.18,1589.95,1404.07,553.09,95,0
2,193,-0.0021,-0.0003,642.13,1588.28,1399.59,553.54,94,0
2,194,-0.0003,-0.0003,643.1,1592.38,1404.64,553.86,93,0
2,195,-0.0026,0.0004,643.24,1591.55,1410.18,553.22,92,0
2,196,0.0003,0.0004,642.64,1591.39,1408.59,554.31,91,0
2,197,0.0018,0.0005,642.55,1588.64,1403.29,554.07,90,0
2,198,-0.0051,0.0003,643.21,1596.17,1402.91,553.94,89,0
2,199,0.0026,0.0001,642.44,1587.17,1409.39,554.06,88,0
2,200,-0.0017,0.0,642.74,1589.73,1406.28,553.13,87,0
2,201,0.0021,0.0002,642.31,1595.57,1400.92,554.25,86,0
2,202,-0.0001,0.0003,642.56,1589.47,1408.72,554.14,85,0
2,203,0.0048,0.0001,641.95,1593.02,1410.33,553.2,84,0
2,204,0.0012,0.0003,642.46,1591.84,1404.01,553.94,83,0
2,205,-0.0021,0.0003,642.65,1586.59,1409.11,552.83,82,0
2,206,-0.0004,-0.0003,642.51,1588.18,1411.14,553.86,81,0
2,207,-0.0003,-0.0004,642.73,1591.04,1402.94,553.06,80,0
2,208,0.0004,0.0004,642.6,1590.29,1407.93,553.09,79,0
2,209,0.004,0.0002,642.27,1590.92,1409.2,553.66,78,0
2,210,-0.005,0.0001,642.88,1583.56,1396.99,553.5,77,0
2,211,-0.0017,-0.0002,642.8,1584.65,1409.23,552.47,76,0
2,212,0.0005,-0.0004,642.54,1586.71,1406.43,553.32,75,0
2,213,-0.0039,-0.0,642.39,1594.64,1407.38,554.04,74,0
2,214,0.0017,-0.0002,642.39,1588.17,1402.21,553.86,73,0
2,215,-0.0004,0.0005,642.97,1591.44,1411.63,553.75,72,0
2,216,-0.0021,0.0005,642.46,1583.46,1408.68,553.01,71,0
2,217,0.0023,0.0005,643.3,1585.11,1407.97,553.22,70,0
2,218,0.0033,-0.0002,642.91,1592.69,1412.7,553.09,69,0
2,219,0.0029,0.0001,642.88,1592.52,1412.91,553.28,68,0
2,220,-0.0036,-0.0002,642.87,1600.76,1406.68,552.92,67,0
2,221,0.0032,-0.0001,643.09,1586.57,1408.21,553.77,66,0
2,222,0.001,0.0001,643.16,1590.78,1411.66,553.56,65,0
2,223,-0.0002,0.0003,643.06,1596.47,1406.28,553.91,64,0
2,224,-0.001,0.0001,642.86,1592.47,1414.63,553.17,63,0
2,225,0.0014,-0.0,642.68,1590.59,1409.87,553.96,62,0
2,226,-0.0018,0.0002,643.23,1601.02,1408.9,553.45,61,0
2,227,0.0014,0.0004,642.8,1587.46,1410.4,553.73,60,0
2,228,-0.0017,0.0001,642.67,1592.83,1406.88,553.35,59,0
2,229,0.0008,-0.0001,642.32,1593.83,1407.69,553.0,58,0
2,230,-0.0002,0.0004,642.68,1593.67,1412.71,553.43,57,0
2,231,-0.0004,-0.0001,642.99,1593.78,1404.68,552.61,56,0
2,232,0.0027,0.0004,642.98,1590.33,1411.66,553.53,55,0
2,233,-0.0023,-0.0004,642.96,1599.65,1413.34,553.49,54,0
2,234,-0.0022,-0.0002,643.49,1588.68,1412.07,553.31,53,0
2,235,0.0019,0.0002,642.63,1594.54,1406.42,552.42,52,0
2,236,-0.0044,0.0003,643.01,1598.16,1410.66,553.52,51,0
2,237,0.0027,0.0004,643.14,1593.05,1419.76,552.78,50,0
2,238,-0.0018,-0.0,643.13,1599.64,1413.73,552.98,49,0
2,239,0.0026,-0.0003,642.73,1598.37,1417.49,553.05,48,0
2,240,-0.0017,-0.0002,642.61,1599.71,1406.54,553.18,47,0
2,241,-0.0026,0.0001,643.14,1598.65,1418.33,552.36,46,0
2,242,-0.0008,0.0004,643.77,1593.7,1408.71,553.07,45,0
2,243,0.0042,-0.0002,643.04,1593.98,1411.41,552.71,44,0
2,244,-0.0013,0.0005,642.88,1595.99,1413.04,552.68,43,0
2,245,-0.0016,0.0005,642.7,1590.93,1418.05,552.75,42,0
2,246,0.0001,0.0003,642.85,1589.74,1420.2,552.57,41,0
2,247,-0.0013,-0.0002,642.88,1601.2,1413.56,552.46,40,0
2,248,0.0048,0.0001,643.06,1599.41,1417.22,552.52,39,0
2,249,0.0013,-0.0004,643.79,1599.77,1419.19,551.56,38,0
2,250,-0.0029,0.0004,643.15,1598.28,1415.35,553.0,37,0
2,251,-0.0017,-0.0003,642.47,1598.68,1418.61,552.01,36,0
2,252,-0.004,0.0004,642.83,1596.89,1422.69,552.51,35,0
2,253,0.0009,-0.0002,643.01,1596.43,1416.12,553.07,34,0
2,254,-0.0009,0.0005,643.31,1593.88,1423.55,551.99,33,0
2,255,0.0012,0.0006,643.48,1598.25,1412.73,553.26,32,0
2,256,-0.0044,0.0004,642.92,1598.83,1421.46,552.68,31,0
2,257,0.0,-0.0002,643.06,1593.17,1426.94,552.19,30,1
2,258,0.0007,-0.0,642.93,1599.77,1421.07,552.71,29,1
2,259,0.0006,-0.0003,642.78,1597.65,1416.63,552.58,28,1
2,260,0.0027,0.0001,642.94,1593.51,1419.41,552.02,27,1
2,261,-0.0009,0.0003,643.69,1594.0,1419.92,552.31,26,1
2,262,0.0068,-0.0002,643.05,1588.3,1418.2,553.01,25,1
2,263,-0.0023,0.0001,643.16,1592.32,1422.82,552.81,24,1
2,264,-0.0017,0.0005,643.47,1610.1,1424.48,552.17,23,1
2,265,-0.0035,0.0004,643.03,1593.48,1420.27,552.45,22,1
2,266,0.002,-0.0001,643.14,1591.54,1422.54,551.84,21,1
2,267,-0.0,0.0003,642.96,1602.23,1422.12,552.61,20,1
2,268,0.0006,-0.0,643.1,1602.53,1419.61,552.1,19,1
2,269,-0.0002,-0.0002,643.11,1594.52,1419.23,551.28,18,1
2,270,0.0005,-0.0002,643.12,1604.32,1424.27,551.75,17,1
2,271,0.0001,0.0002,643.87,1607.43,1425.06,551.73,16,1
2,272,-0.0004,0.0001,643.27,1600.02,1426.7,552.44,15,1
2,273,-0.0036,-0.0003,643.71,1598.88,1418.55,552.47,14,1
2,274,-0.0,0.0004,643.18,1598.98,1427.83,551.25,13,1
2,275,0.001,0.0001,643.67,1595.3,1421.8,551.86,12,1
2,276,-0.0018,0.0004,643.82,1605.46,1429.66,551.43,11,1
2,277,0.0017,-0.0004,643.91,1601.47,1424.78,552.45,10,1
2,278,-0.0,-0.0003,643.44,1597.61,1423.67,551.49,9,1
2,279,0.0006,0.0005,643.64,1594.8,1426.95,551.16,8,1
2,280,-0.0061,-0.0,643.63,1594.21,1422.89,551.84,7,1
2,281,-0.0009,-0.0003,643.6,1598.25,1424.36,551.44,6,1
2,282,0.0012,-0.0,643.94,1598.56,1426.87,552.29,5,1
2,283,0.0046,0.0002,643.78,1602.03,1429.67,551.46,4,1
2,284,-0.0006,0.0001,643.91,1601.35,1430.04,551.96,3,1
2,285,-0.0007,0.0004,643.67,1596.84,1431.17,550.85,2,1
2,286,-0.001,-0.0003,643.44,1603.63,1429.57,551.61,1,1
2,287,-0.0005,0.0006,643.85,1608.5,1430.84,551.66,0,1
3,1,0.0008,0.0005,642.04,1584.2,1398.13,553.96,178,0
3,2,-0.001,0.0,642.66,1587.04,1398.62,554.76,177,0
3,3,0.0013,-0.0002,642.07,1580.75,1401.1,554.51,176,0
3,4,0.0008,-0.0002,642.5,1580.12,1395.76,554.48,175,0
3,5,0.002,0.0004,641.97,1581.48,1394.05,554.14,174,0
3,6,-0.001,-0.0003,642.65,1581.26,1397.98,554.86,173,0
3,7,-0.0018,-0.0003,642.62,1583.68,1405.76,554.29,172,0
3,8,0.0017,-0.0005,642.23,1581.6,1401.86,554.11,171,0
3,9,0.0,0.0003,642.6,1581.04,1398.3,554.61,170,0
3,10,-0.0009,0.0003,642.72,1582.2,1400.07,554.28,169,0
3,11,-0.0009,0.0002,641.94,1591.43,1400.59,554.88,168,0
3,12,-0.0029,0.0003,642.61,1583.92,1404.93,553.45,167,0
3,13,0.0002,0.0003,642.63,1583.25,1403.52,555.25,166,0
3,14,0.0,0.0004,642.16,1591.03,1396.35,554.31,165,0
3,15,-0.0015,0.0001,641.83,1585.29,1398.77,554.36,164,0
3,16,-0.0064,-0.0002,642.65,1589.05,1392.15,554.17,163,0
3,17,-0.0018,-0.0001,642.78,1588.94,1395.76,553.74,162,0
3,18,-0.0013,-0.0005,642.26,1584.36,1402.3,554.52,161,0
3,19,0.0029,-0.0004,642.05,1580.67,1402.82,553.99,160,0
3,20,-0.002,-0.0002,642.25,1580.73,1394.57,554.54,159,0
3,21,-0.0006,0.0004,642.18,1586.78,1398.83,554.32,158,0
3,22,-0.0052,-0.0001,642.34,1589.55,1405.28,554.71,157,0
3,23,-0.0004,-0.0002,642.07,1585.2,1395.59,554.04,156,0
3,24,-0.0038,-0.0002,642.24,1585.08,1395.73,554.65,155,0
3,25,-0.0005,-0.0004,642.24,1579.4,1390.93,554.21,154,0
3,26,-0.0023,-0.0005,641.61,1586.92,1401.63,553.9,153,0
3,27,0.001,0.0002,642.36,1581.83,1400.85,554.67,152,0
3,28,0.0001,-0.0,641.48,1590.59,1400.68,553.51,151,0
3,29,0.0038,0.0004,642.01,1584.71,1396.05,554.94,150,0
3,30,0.0012,0.0004,642.21,1584.95,1398.1,554.05,149,0
3,31,0.0039,0.0001,642.33,1588.68,1393.95,553.06,148,0
3,32,0.0018,0.0002,642.55,1583.7,1400.58,554.32,147,0
3,33,0.0004,0.0002,641.82,1583.55,1403.93,554.27,146,0
3,34,-0.0014,0.0005,642.83,1584.17,1397.47,554.42,145,0
3,35,-0.0013,0.0001,642.08,1584.57,1396.92,554.1,144,0
3,36,-0.0018,0.0001,642.06,1580.96,1399.12,554.11,143,0
3,37,0.0058,0.0001,641.68,1582.96,1396.65,555.28,142,0
3,38,0.0006,0.0001,641.72,1577.99,1401.83,554.11,141,0
3,39,0.0011,0.0004,641.94,1580.42,1400.8,554.18,140,0
3,40,-0.0038,0.0001,641.97,1579.38,1403.24,553.75,139,0
3,41,0.0009,-0.0002,642.79,1586.38,1394.92,554.68,138,0
3,42,0.0027,-0.0003,642.61,1586.25,1404.49,554.31,137,0
3,43,0.0044,-0.0003,642.58,1587.9,1401.51,554.18,136,0
3,44,-0.0022,-0.0005,642.21,1586.83,1395.48,554.45,135,0
3,45,-0.0025,-0.0005,642.15,1582.99,1398.33,554.43,134,0
3,46,0.0015,0.0004,642.42,1590.25,1401.55,554.0,133,0
3,47,-0.0013,-0.0004,642.26,1587.55,1395.3,554.82,132,0
3,48,0.0002,0.0001,642.01,1587.21,1392.94,554.41,131,0
3,49,-0.0002,-0.0,642.16,1583.53,1396.11,554.28,130,0
3,50,0.0012,-0.0004,642.51,1586.16,1402.64,553.87,129,0
3,51,0.0022,0.0001,642.39,1592.16,1401.05,554.15,128,0
3,52,0.0042,-0.0,642.29,1582.66,1404.99,554.39,127,0
3,53,0.0032,0.0002,642.02,1588.04,1399.78,554.54,126,0
3,54,0.0003,0.0002,642.03,1585.66,1407.04,554.28,125,0
3,55,-0.0001,0.0002,642.41,1594.2,1399.08,554.34,124,0
3,56,-0.0001,-0.0002,642.73,1586.08,1403.97,554.47,123,0
3,57,0.0004,-0.0005,642.56,1581.97,1398.55,553.99,122,0
3,58,0.004,-0.0005,642.52,1581.31,1403.99,553.58,121,0
3,59,0.0011,0.0002,642.31,1587.46,1397.56,553.88,120,0
3,60,0.0011,0.0003,641.8,1586.82,1405.66,553.34,119,0
3,61,-0.0006,0.0002,642.5,1585.5,1392.35,554.01,118,0
3,62,0.0009,0.0002,642.18,1591.5,1403.57,553.67,117,0
3,63,0.0018,0.0004,642.1,1583.42,1398.98,554.61,116,0
3,64,0.0004,0.0001,642.53,1590.04,1404.68,553.9,115,0
3,65,-0.0024,-0.0003,641.69,1586.21,1400.69,554.63,114,0
3,66,-0.0003,0.0,642.25,1577.22,1397.9,553.79,113,0
3,67,-0.004,-0.0005,642.0,1584.55,1403.87,553.84,112,0
3,68,0.0034,-0.0002,642.94,1587.27,1400.37,554.43,111,0
3,69,0.0051,-0.0001,642.05,1581.93,1404.2,555.14,110,0
3,70,-0.0011,0.0004,642.54,1587.02,1397.09,553.8,109,0
3,71,0.0002,0.0001,642.9,1579.41,1401.19,554.59,108,0
3,72,-0.0014,-0.0002,642.25,1590.21,1389.86,554.25,107,0
3,73,0.0009,0.0002,642.42,1585.01,1400.06,554.31,106,0
3,74,0.0023,-0.0001,642.75,1589.64,1405.76,554.4,105,0
3,75,-0.0007,-0.0002,642.25,1592.23,1406.98,553.73,104,0
3,76,-0.0032,-0.0001,642.52,1589.35,1405.34,553.91,103,0
3,77,-0.0001,0.0001,642.98,1584.13,1405.99,554.08,102,0
3,78,-0.0003,-0.0005,642.43,1579.52,1400.53,553.62,101,0
3,79,0.0006,0.0004,642.31,1582.4,1403.49,553.6,100,0
3,80,-0.0003,-0.0003,641.74,1580.95,1405.37,553.21,99,0
3,81,-0.0007,0.0002,642.55,1581.73,1402.65,553.88,98,0
3,82,-0.003,-0.0003,642.24,1583.69,1400.4,553.7,97,0
3,83,-0.0007,-0.0004,642.27,1591.3,1398.73,553.79,96,0
3,84,-0.0031,0.0004,642.18,1593.32,1400.62,554.01,95,0
3,85,0.0043,-0.0001,641.95,1587.14,1414.11,554.09,94,0
3,86,-0.0018,0.0003,642.69,1586.09,1401.01,553.83,93,0
3,87,-0.0005,0.0,642.32,1588.25,1402.17,554.11,92,0
3,88,0.0031,-0.0,642.27,1585.9,1400.09,553.59,91,0
3,89,0.0006,0.0004,642.33,1582.29,1404.14,555.01,90,0
3,90,-0.0008,-0.0002,642.36,1597.84,1406.26,554.58,89,0
3,91,0.0051,-0.0004,641.99,1582.81,1399.5,553.72,88,0
3,92,0.0022,-0.0004,642.29,1590.07,1400.27,553.5,87,0
3,93,0.0002,-0.0001,642.1,1593.66,1409.21,553.83,86,0
3,94,0.0023,0.0005,642.58,1588.9,1401.08,554.76,85,0
3,95,-0.0006,-0.0001,642.37,1585.69,1406.13,554.41,84,0
3,96,-0.0003,0.0001,642.89,1582.86,1400.62,554.08,83,0
3,97,0.0008,-0.0005,642.94,1587.51,1408.05,554.13,82,0
3,98,0.0006,-0.0004,642.4,1586.19,1403.62,553.85,81,0
3,99,0.0005,-0.0001,642.67,1589.42,1398.72,553.82,80,0
3,100,0.0008,-0.0004,642.29,1579.98,1404.16,554.94,79,0
3,101,0.0002,-0.0003,642.24,1587.77,1405.55,554.34,78,0
3,102,0.0003,0.0,642.63,1579.35,1408.84,553.87,77,0
3,103,0.0003,-0.0003,642.28,1585.62,1395.4,553.38,76,0
3,104,0.0051,0.0,642.46,1586.74,1403.37,554.63,75,0
3,105,-0.0022,0.0004,641.85,1591.89,1397.73,553.69,74,0
3,106,-0.0014,-0.0001,642.51,1586.44,1405.62,554.31,73,0
3,107,0.0004,0.0003,642.36,1586.96,1410.67,553.57,72,0
3,108,-0.0005,-0.0002,642.98,1583.29,1405.94,553.52,71,0
3,109,-0.0006,-0.0003,642.48,1588.21,1402.77,554.91,70,0
3,110,-0.0008,0.0001,642.92,1592.41,1403.14,554.15,69,0
3,111,0.001,-0.0005,642.25,1583.83,1401.73,553.74,68,0
3,112,-0.0007,0.0002,642.65,1584.14,1400.61,553.64,67,0
3,113,0.0029,-0.0,642.5,1590.74,1408.52,554.0,66,0
3,114,0.0019,-0.0005,642.46,1588.4,1407.81,554.04,65,0
3,115,-0.001,0.0001,642.22,1588.97,1400.56,553.54,64,0
3,116,0.0008,0.0002,642.62,1591.56,1407.84,553.54,63,0
3,117,0.0012,0.0001,642.76,1587.74,1402.28,553.84,62,0
3,118,0.0004,0.0,642.26,1590.05,1408.53,553.52,61,0
3,119,0.0022,-0.0002,642.0,1588.1,1398.22,553.47,60,0
3,120,-0.0012,0.0005,642.6,1585.58,1408.79,553.63,59,0
3,121,-0.0036,-0.0003,642.27,1585.86,1413.79,553.75,58,0
3,122,0.0011,-0.0002,642.72,1586.83,1406.06,553.77,57,0
3,123,-0.0009,0.0001,642.49,1594.72,1408.04,554.28,56,0
3,124,-0.0048,-0.0003,642.0,1588.41,1405.29,553.12,55,0
3,125,-0.0007,0.0002,642.82,1580.5,1405.04,553.25,54,0
3,126,0.0013,0.0004,642.76,1583.13,1409.96,554.41,53,0
3,127,0.0029,0.0001,642.67,1593.61,1395.95,554.01,52,0
3,128,-0.0008,-0.0003,642.22,1592.24,1409.32,553.67,51,0
3,129,0.0003,0.0005,643.1,1597.5,1405.91,553.56,50,0
3,130,-0.0006,0.0,642.57,1584.08,1410.11,553.51,49,0
3,131,-0.0042,0.0002,642.5,1589.91,1406.13,553.7,48,0
3,132,-0.0013,-0.0001,642.35,1592.88,1408.51,553.0,47,0
3,133,-0.001,-0.0003,642.62,1589.14,1409.48,553.52,46,0
3,134,0.0005,-0.0005,642.45,1586.99,1406.61,554.21,45,0
3,135,0.0012,-0.0,642.52,1588.65,1407.5,553.69,44,0
3,136,0.0015,-0.0001,642.6,1592.25,1405.41,553.83,43,0
3,137,-0.0039,0.0004,642.75,1589.57,1409.77,554.36,42,0
3,138,0.0013,-0.0,642.3,1599.56,1407.3,553.57,41,0
3,139,-0.0022,0.0005,643.08,1594.87,1415.14,553.81,40,0
3,140,-0.0009,0.0002,642.87,1589.67,1414.46,553.12,39,0
3,141,0.0025,0.0003,643.08,1584.87,1412.02,553.08,38,0
3,142,-0.0012,0.0003,643.03,1587.35,1413.05,552.85,37,0
3,143,0.0012,0.0004,642.48,1594.94,1402.45,553.0,36,0
3,144,0.004,-0.0001,642.48,1593.19,1416.18,552.94,35,0
3,145,-0.0022,-0.0003,642.65,1591.66,1403.51,553.55,34,0
3,146,0.0017,0.0004,643.71,1589.2,1413.64,553.85,33,0
3,147,0.0023,0.0001,643.07,1590.59,1411.55,553.79,32,0
3,148,-0.0013,0.0003,642.69,1589.28,1421.05,553.37,31,0
3,149,0.0014,-0.0,643.26,1594.66,1414.51,552.71,30,1
3,150,0.0002,-0.0003,643.08,1591.34,1407.58,553.35,29,1
3,151,0.0009,-0.0,643.04,1594.47,1420.87,552.82,28,1
3,152,-0.002,-0.0003,643.34,1599.53,1411.65,553.59,27,1
3,153,-0.001,0.0004,642.89,1594.75,1416.95,553.63,26,1
3,154,0.0021,-0.0001,643.15,1599.04,1414.53,553.26,25,1
3,155,0.0006,0.0002,642.83,1588.51,1413.92,553.47,24,1
3,156,-0.0002,-0.0003,643.52,1597.3,1411.91,553.03,23,1
3,157,-0.0006,0.0004,642.84,1599.31,1414.01,552.54,22,1
3,158,-0.0003,-0.0003,643.19,1593.16,1421.83,553.21,21,1
3,159,-0.0005,-0.0004,642.71,1597.8,1415.2,553.19,20,1
3,160,0.0058,0.0002,642.48,1595.61,1415.88,553.16,19,1
3,161,-0.0015,-0.0001,643.6,1594.41,1416.4,552.82,18,1
3,162,0.0022,0.0002,643.11,1594.78,1420.33,552.97,17,1
3,163,-0.0016,0.0,643.0,1597.51,1422.22,553.11,16,1
3,164,0.0007,-0.0003,643.09,1601.99,1416.56,552.81,15,1
3,165,-0.0005,-0.0001,642.96,1601.94,1416.31,552.94,14,1
3,166,0.003,-0.0002,642.9,1598.82,1419.27,552.56,13,1
3,167,0.0027,0.0004,643.38,1605.41,1415.96,551.95,12,1
3,168,-0.0012,0.0002,643.46,1593.72,1422.59,552.04,11,1
3,169,0.0016,-0.0001,643.55,1602.9,1424.39,552.76,10,1
3,170,-0.0015,-0.0003,643.35,1606.1,1428.52,553.34,9,1
3,171,-0.0011,-0.0003,643.36,1603.48,1419.33,551.57,8,1
3,172,-0.0017,-0.0004,643.62,1597.73,1426.38,552.89,7,1
3,173,0.0028,-0.0002,643.64,1604.78,1417.29,552.16,6,1
3,174,0.0034,-0.0005,643.46,1602.86,1424.79,552.29,5,1
3,175,-0.003,0.0004,643.15,1603.74,1424.17,551.47,4,1
3,176,-0.0008,0.0002,643.93,1595.61,1438.51,551.93,3,1
3,177,-0.0041,-0.0002,643.68,1601.21,1423.5,552.17,2,1
3,178,-0.001,0.0001,643.66,1606.5,1430.55,551.31,1,1
3,179,0.0012,0.0,643.51,1604.8,1428.23,551.91,0,1
4,1,0.0025,0.0005,642.6,1585.4,1402.85,553.97,188,0
4,2,0.0002,-0.0004,642.45,1583.54,1410.36,554.62,187,0
4,3,-0.0025,-0.0,642.16,1586.59,1398.65,553.52,186,0
4,4,0.0024,-0.0003,642.73,1583.96,1400.32,553.58,185,0
4,5,0.0012,-0.0002,642.11,1590.62,1399.42,552.91,184,0
4,6,0.0023,0.0005,642.46,1588.76,1407.78,553.12,183,0
4,7,-0.002,0.0002,642.26,1586.91,1404.44,554.42,182,0
4,8,0.0014,-0.0004,641.97,1584.18,1406.22,553.93,181,0
4,9,0.0059,0.0005,642.59,1584.78,1403.51,553.78,180,0
4,10,0.0006,-0.0003,642.78,1586.0,1400.12,553.54,179,0
4,11,0.0034,0.0003,642.21,1588.75,1395.79,553.58,178,0
4,12,0.0014,-0.0001,642.63,1584.33,1403.67,554.39,177,0
4,13,-0.0018,0.0005,642.24,1587.74,1395.23,553.5,176,0
4,14,-0.0019,0.0005,642.62,1583.38,1407.62,553.65,175,0
4,15,-0.0021,-0.0001,642.47,1592.08,1401.13,554.7,174,0
4,16,0.0014,-0.0001,642.17,1585.39,1409.84,554.72,173,0
4,17,0.0014,0.0004,642.06,1587.82,1406.43,553.57,172,0
4,18,0.0002,-0.0002,642.36,1589.62,1403.75,554.23,171,0
4,19,-0.0029,0.0005,643.02,1589.9,1406.34,553.62,170,0
4,20,0.0022,-0.0003,642.53,1589.76,1401.19,553.97,169,0
4,21,-0.0029,-0.0001,642.49,1593.11,1398.49,554.01,168,0
4,22,0.0025,-0.0003,642.68,1594.65,1405.05,554.28,167,0
4,23,0.0022,0.0,642.41,1592.74,1401.8,554.49,166,0
4,24,0.0022,-0.0002,642.51,1589.01,1400.24,553.74,165,0
4,25,0.0011,-0.0004,642.05,1592.65,1399.14,554.33,164,0
4,26,0.0031,0.0001,642.35,1589.28,1399.54,553.62,163,0
4,27,0.0022,0.0001,642.08,1582.09,1402.27,553.71,162,0
4,28,-0.0002,0.0001,642.59,1583.69,1400.85,553.79,161,0
4,29,-0.0002,0.0,642.34,1585.53,1401.61,554.14,160,0
4,30,-0.0011,-0.0002,642.7,1584.4,1403.21,554.09,159,0
4,31,-0.001,0.0001,642.42,1580.87,1400.49,554.05,158,0
4,32,-0.0012,0.0004,642.1,1589.33,1406.42,553.8,157,0
4,33,-0.0002,-0.0004,642.79,1590.98,1405.72,554.62,156,0
4,34,0.0006,-0.0002,642.29,1587.97,1396.73,553.61,155,0
4,35,0.0003,-0.0002,642.42,1587.89,1398.89,553.72,154,0
4,36,-0.0004,0.0,642.08,1589.48,1406.77,552.71,153,0
4,37,0.0011,0.0001,642.62,1582.75,1411.83,553.92,152,0
4,38,-0.0015,-0.0004,642.69,1591.19,1400.63,553.4,151,0
4,39,-0.0002,-0.0003,642.14,1581.05,1406.06,553.06,150,0
4,40,0.0026,0.0003,642.77,1596.22,1407.38,553.77,149,0
4,41,0.0029,-0.0001,642.44,1588.31,1403.4,553.44,148,0
4,42,-0.0003,-0.0003,642.62,1587.0,1401.08,553.94,147,0
4,43,-0.0029,-0.0002,642.12,1589.99,1407.47,553.71,146,0
4,44,-0.0003,0.0005,641.81,1585.87,1403.08,553.47,145,0
4,45,-0.0023,0.0001,642.58,1587.46,1403.12,553.89,144,0
4,46,-0.0007,-0.0003,642.99,1584.18,1415.57,553.59,143,0
4,47,-0.0035,-0.0003,642.15,1591.57,1409.99,553.8,142,0
4,48,0.0028,-0.0004,642.33,1586.8,1405.17,554.54,141,0
4,49,-0.0006,-0.0002,642.82,1590.52,1408.42,553.87,140,0
4,50,0.004,-0.0002,642.05,1586.99,1403.54,552.53,139,0
4,51,-0.0007,0.0005,642.3,1584.29,1407.61,553.63,138,0
4,52,-0.0022,-0.0001,642.82,1593.22,1407.67,553.9,137,0
4,53,0.0023,-0.0,642.41,1586.77,1407.4,554.5,136,0
4,54,-0.0002,-0.0001,642.54,1592.6,1405.04,553.9,135,0
4,55,0.0004,0.0002,642.02,1587.01,1406.46,554.03,134,0
4,56,-0.0035,0.0001,642.8,1594.24,1403.34,553.93,133,0
4,57,0.0018,0.0003,642.3,1585.96,1404.0,553.5,132,0
4,58,0.0002,0.0003,642.66,1590.94,1405.24,553.27,131,0
4,59,-0.0002,0.0,642.32,1600.12,1398.12,554.75,130,0
4,60,-0.0024,-0.0003,642.31,1576.64,1404.66,553.49,129,0
4,61,-0.0012,0.0003,642.56,1587.51,1407.15,553.77,128,0
4,62,0.0003,0.0004,642.69,1588.08,1407.72,553.74,127,0
4,63,0.0015,0.0002,642.45,1587.6,1410.95,553.89,126,0
4,64,-0.003,0.0,642.68,1591.76,1403.8,554.25,125,0
4,65,0.0002,0.0005,642.8,1590.85,1407.01,554.03,124,0
4,66,0.0023,0.0,642.9,1583.9,1402.56,554.13,123,0
4,67,0.0029,-0.0003,642.21,1592.37,1395.74,553.47,122,0
4,68,0.0041,-0.0001,642.44,1587.83,1408.43,554.03,121,0
4,69,-0.0002,-0.0003,642.74,1588.44,1409.93,553.75,120,0
4,70,0.0002,0.0003,642.42,1590.37,1403.68,553.6,119,0
4,71,-0.0022,-0.0003,642.63,1585.71,1410.7,554.23,118,0
4,72,-0.0021,0.0002,642.69,1584.72,1408.21,553.62,117,0
4,73,0.0001,0.0001,642.35,1588.43,1409.32,554.1,116,0
4,74,0.0044,0.0001,642.6,1588.1,1407.74,553.31,115,0
4,75,-0.0003,-0.0003,642.42,1593.17,1400.47,554.13,114,0
4,76,0.0055,0.0,641.86,1588.78,1405.44,553.56,113,0
4,77,0.002,0.0004,642.77,1588.91,1398.16,553.43,112,0
4,78,-0.0014,0.0001,642.66,1587.09,1408.49,554.03,111,0
4,79,0.0014,0.0004,642.14,1592.26,1407.47,553.13,110,0
4,80,-0.0,0.0001,642.98,1588.2,1405.22,554.66,109,0
4,81,-0.0003,0.0,642.26,1582.27,1408.32,553.51,108,0
4,82,-0.0003,0.0004,642.66,1582.04,1404.73,553.76,107,0
4,83,-0.0002,0.0005,642.13,1588.16,1406.59,554.25,106,0
4,84,-0.0029,0.0006,642.91,1589.92,1403.9,553.48,105,0
4,85,-0.0001,0.0001,642.29,1579.9,1399.07,553.85,104,0
4,86,0.0016,-0.0,642.21,1591.36,1407.58,553.52,103,0
4,87,-0.0015,0.0005,642.7,1587.37,1406.05,553.83,102,0
4,88,0.0001,-0.0003,642.68,1584.7,1398.74,554.23,101,0
4,89,0.0006,-0.0002,641.97,1578.65,1394.77,553.55,100,0
4,90,0.0001,0.0003,643.32,1586.92,1408.45,553.98,99,0
4,91,0.0018,0.0002,642.79,1589.6,1404.18,553.48,98,0
4,92,0.0015,0.0004,642.41,1590.17,1403.99,554.49,97,0
4,93,-0.003,0.0005,642.24,1588.28,1398.67,554.07,96,0
4,94,-0.0036,0.0004,642.5,1588.54,1406.69,553.76,95,0
4,95,0.0041,0.0004,642.48,1586.25,1398.8,553.44,94,0
4,96,-0.0015,0.0003,642.18,1578.8,1406.96,554.08,93,0
4,97,0.0001,0.0006,642.95,1586.68,1411.12,553.05,92,0
4,98,-0.0011,0.0001,643.06,1583.61,1403.34,553.68,91,0
4,99,-0.0005,-0.0004,642.79,1592.78,1405.64,554.62,90,0
4,100,-0.0005,-0.0003,642.67,1588.11,1406.26,553.72,89,0
4,101,0.0005,0.0003,642.29,1590.1,1412.21,553.91,88,0
4,102,0.0002,0.0002,642.5,1593.07,1400.79,553.63,87,0
4,103,-0.0024,0.0001,642.83,1596.05,1400.74,553.62,86,0
4,104,0.0012,0.0005,642.27,1593.03,1403.56,553.84,85,0
4,105,0.0001,0.0002,642.48,1587.15,1406.58,553.9,84,0
4,106,-0.0032,-0.0004,642.24,1588.91,1402.75,553.63,83,0
4,107,0.0,-0.0002,642.55,1585.56,1400.45,553.78,82,0
4,108,-0.0026,0.0,642.13,1585.18,1412.75,553.97,81,0
4,109,0.0007,-0.0004,642.89,1586.34,1407.61,553.4,80,0
4,110,-0.0009,0.0004,642.47,1581.85,1401.8,553.86,79,0
4,111,-0.0013,-0.0003,642.16,1584.52,1405.22,554.14,78,0
4,112,0.0016,0.0002,642.15,1597.05,1400.11,552.93,77,0
4,113,0.0004,0.0,642.41,1592.69,1416.04,552.71,76,0
4,114,0.0011,0.0001,642.5,1585.29,1404.61,553.9,75,0
4,115,0.0017,0.0,643.11,1584.82,1399.39,552.89,74,0
4,116,0.0015,0.0003,642.57,1587.97,1409.77,553.1,73,0
4,117,-0.0047,-0.0,642.97,1588.0,1409.2,552.71,72,0
4,118,-0.0015,0.0,642.45,1595.31,1404.31,554.2,71,0
4,119,0.0005,-0.0002,642.81,1587.57,1411.87,553.91,70,0
4,120,0.0015,0.0001,642.13,1590.46,1405.88,553.5,69,0
4,121,-0.0022,-0.0003,642.58,1598.61,1403.36,553.35,68,0
4,122,0.0003,-0.0004,643.12,1594.36,1405.56,553.28,67,0
4,123,0.0007,0.0004,642.56,1586.4,1411.81,553.42,66,0
4,124,-0.0019,0.0001,642.64,1587.87,1400.87,552.7,65,0
4,125,0.0002,0.0002,642.59,1580.17,1404.02,554.55,64,0
4,126,0.0012,-0.0003,642.56,1592.43,1405.07,553.81,63,0
4,127,0.0027,-0.0001,641.87,1591.59,1410.29,553.36,62,0
4,128,0.0008,0.0001,642.77,1592.21,1417.91,553.31,61,0
4,129,0.0026,0.0001,642.3,1589.44,1403.6,553.88,60,0
4,130,-0.002,0.0002,642.28,1593.61,1406.21,553.45,59,0
4,131,-0.0022,-0.0003,642.81,1593.8,1399.75,553.55,58,0
4,132,0.0007,0.0004,642.41,1591.45,1409.15,552.95,57,0
4,133,-0.0006,0.0,642.95,1592.11,1412.36,553.82,56,0
4,134,-0.0001,0.0006,642.82,1590.54,1413.59,553.25,55,0
4,135,-0.0009,-0.0002,642.8,1586.98,1406.54,553.14,54,0
4,136,-0.0009,0.0001,642.88,1588.88,1410.65,553.84,53,0
4,137,0.0021,0.0004,642.35,1585.35,1408.59,553.73,52,0
4,138,0.0001,-0.0003,642.62,1589.11,1403.15,553.42,51,0
4,139,0.002,-0.0001,642.51,1590.51,1411.62,553.22,50,0
4,140,-0.0014,0.0005,642.43,1589.98,1410.55,553.09,49,0
4,141,0.0051,0.0004,642.78,1586.02,1408.52,553.54,48,0
4,142,-0.0003,0.0002,642.15,1595.19,1409.14,553.18,47,0
4,143,-0.0012,0.0003,642.74,1586.75,1406.34,553.08,46,0
4,144,-0.0008,0.0003,642.6,1588.23,1411.01,552.42,45,0
4,145,0.0006,0.0005,643.07,1594.62,1405.43,553.62,44,0
4,146,0.0005,0.0003,642.72,1595.94,1417.08,553.21,43,0
4,147,-0.0004,0.0004,642.82,1590.96,1411.57,552.95,42,0
4,148,-0.0018,-0.0001,643.09,1593.59,1418.28,553.32,41,0
4,149,-0.0008,0.0004,642.58,1595.24,1414.42,553.21,40,0
4,150,-0.0007,-0.0003,642.46,1598.82,1407.68,553.14,39,0
4,151,0.0013,0.0003,643.25,1594.25,1410.11,552.94,38,0
4,152,-0.0026,-0.0002,642.68,1588.06,1415.81,552.63,37,0
4,153,-0.0003,0.0001,643.02,1589.96,1410.75,553.13,36,0
4,154,0.0038,0.0002,642.87,1596.48,1407.58,553.0,35,0
4,155,0.0022,0.0001,643.05,1591.94,1406.1,552.85,34,0
4,156,-0.0002,-0.0001,642.54,1594.01,1414.19,552.21,33,0
4,157,0.0027,0.0,642.8,1597.71,1413.68,553.49,32,0
4,158,-0.003,-0.0004,643.0,1593.74,1420.79,553.11,31,0
4,159,0.002,0.0005,642.82,1590.08,1417.62,552.63,30,1
4,160,-0.0004,0.0005,643.24,1597.66,1412.93,553.83,29,1
4,161,-0.0,0.0004,643.02,1590.53,1413.51,552.28,28,1
4,162,-0.0028,0.0004,642.91,1589.2,1419.09,553.87,27,1
4,163,-0.0041,-0.0002,643.32,1596.69,1417.32,552.17,26,1
4,164,-0.0029,-0.0002,643.2,1588.21,1411.81,552.75,25,1
4,165,0.0037,0.0003,643.38,1598.42,1413.9,552.16,24,1
4,166,-0.0043,-0.0003,642.83,1595.07,1410.18,552.22,23,1
4,167,-0.0006,0.0,642.97,1596.98,1410.22,552.3,22,1
4,168,-0.0028,0.0002,642.86,1594.46,1416.01,552.58,21,1
4,169,0.0011,0.0001,643.25,1592.7,1419.62,552.91,20,1
4,170,0.0023,0.0002,643.6,1595.73,1412.94,552.45,19,1
4,171,0.002,-0.0003,643.69,1594.79,1416.71,552.21,18,1
4,172,0.0015,-0.0002,643.28,1597.1,1417.89,552.65,17,1
4,173,-0.0033,-0.0,642.87,1598.3,1422.56,552.08,16,1
4,174,0.0021,-0.0003,643.09,1600.79,1423.58,552.74,15,1
4,175,0.0027,0.0004,643.17,1598.28,1419.52,552.39,14,1
4,176,0.0033,0.0003,643.36,1601.11,1427.72,552.62,13,1
4,177,0.0034,-0.0001,643.15,1603.1,1424.69,552.77,12,1
4,178,0.0006,0.0003,643.38,1606.48,1431.78,551.71,11,1
4,179,0.0014,0.0,643.6,1604.11,1424.1,552.19,10,1
4,180,0.0001,-0.0002,643.58,1610.29,1425.23,551.7,9,1
4,181,0.0004,-0.0002,643.34,1597.16,1413.99,551.82,8,1
4,182,0.0007,-0.0,643.42,1603.95,1429.48,551.77,7,1
4,183,0.0034,0.0002,644.5,1602.97,1426.55,551.6,6,1
4,184,-0.001,0.0003,643.44,1608.22,1426.27,552.01,5,1
4,185,-0.0031,0.0005,643.27,1607.57,1429.22,551.91,4,1
4,186,-0.0003,-0.0001,643.45,1608.24,1427.17,551.9,3,1
4,187,-0.0005,0.0005,643.69,1603.04,1422.74,552.02,2,1
4,188,0.0006,0.0001,643.48,1602.23,1434.12,551.81,1,1
4,189,-0.0024,-0.0002,644.53,1612.11,1432.55,551.93,0,1
5,1,0.0031,0.0002,641.77,1583.59,1395.26,554.39,268,0
5,2,0.0002,0.0003,642.42,1589.69,1394.88,555.57,267,0
5,3,0.0002,-0.0005,642.07,1582.45,1396.29,554.49,266,0
5,4,0.0017,-0.0004,642.08,1586.84,1397.94,555.16,265,0
5,5,-0.0007,0.0001,642.03,1581.45,1394.28,554.59,264,0
5,6,0.0018,0.0002,642.32,1586.1,1390.56,554.53,263,0
5,7,0.0019,0.0001,642.78,1585.21,1399.1,554.85,262,0
5,8,-0.0016,-0.0002,642.49,1585.88,1393.41,554.33,261,0
5,9,0.0029,0.0002,641.69,1581.46,1394.2,554.67,260,0
5,10,0.0001,0.0003,642.18,1583.92,1390.3,554.84,259,0
5,11,-0.0026,-0.0003,641.9,1585.25,1393.09,554.2,258,0
5,12,-0.0009,-0.0001,641.97,1583.89,1394.07,554.27,257,0
5,13,-0.0051,-0.0005,641.9,1579.55,1402.31,554.75,256,0
5,14,-0.0,0.0004,641.93,1578.03,1396.28,554.52,255,0
5,15,0.0011,-0.0001,641.88,1589.42,1394.11,554.45,254,0
5,16,-0.0037,0.0004,641.56,1578.43,1390.29,555.11,253,0
5,17,-0.0008,-0.0001,642.0,1581.87,1400.59,554.31,252,0
5,18,-0.0027,0.0001,642.05,1584.71,1391.09,554.25,251,0
5,19,-0.0009,-0.0002,642.36,1588.06,1397.43,554.38,250,0
5,20,0.0019,0.0002,642.27,1582.85,1393.07,554.69,249,0
5,21,-0.0017,-0.0003,642.05,1581.71,1397.41,554.37,248,0
5,22,0.0014,-0.0002,642.38,1581.33,1399.59,554.31,247,0
5,23,0.0052,-0.0001,641.57,1582.59,1399.12,554.48,246,0
5,24,0.0002,0.0002,642.13,1592.43,1400.89,554.1,245,0
5,25,0.0026,-0.0005,642.05,1582.82,1397.33,554.78,244,0
5,26,0.0012,0.0,641.61,1578.77,1398.19,554.93,243,0
5,27,-0.0001,-0.0002,642.22,1582.69,1394.22,554.27,242,0
5,28,-0.0015,-0.0005,641.97,1575.77,1402.43,554.6,241,0
5,29,0.0037,-0.0005,642.48,1576.5,1392.82,554.63,240,0
5,30,0.0007,-0.0004,642.66,1574.8,1397.69,555.05,239,0
5,31,-0.0014,-0.0003,642.06,1585.84,1402.33,554.3,238,0
5,32,0.0043,-0.0001,642.41,1582.76,1397.12,554.32,237,0
5,33,0.0017,-0.0002,641.76,1591.02,1402.42,554.4,236,0
5,34,0.0017,-0.0,641.68,1581.62,1392.22,554.29,235,0
5,35,0.0039,0.0001,642.16,1580.02,1395.31,553.66,234,0
5,36,-0.0032,0.0001,641.3,1586.91,1394.4,554.14,233,0
5,37,-0.0011,0.0001,642.04,1585.52,1394.71,554.97,232,0
5,38,0.002,-0.0002,642.38,1584.21,1396.82,554.48,231,0
5,39,-0.0,-0.0002,641.82,1578.77,1396.39,555.04,230,0
5,40,0.0001,-0.0002,642.76,1583.56,1402.27,554.38,229,0
5,41,0.0011,-0.0001,642.82,1585.13,1399.13,554.75,228,0
5,42,0.0001,-0.0002,641.92,1589.59,1394.97,554.13,227,0
5,43,-0.0015,-0.0004,641.78,1587.27,1394.26,554.64,226,0
5,44,-0.0011,-0.0001,641.77,1583.83,1395.7,555.48,225,0
5,45,0.0028,0.0004,642.32,1584.3,1399.71,554.7,224,0
5,46,-0.0023,-0.0003,642.24,1586.87,1400.55,554.49,223,0
5,47,0.0002,-0.0002,641.95,1579.17,1397.44,554.74,222,0
5,48,0.0037,0.0,641.38,1576.29,1395.62,554.93,221,0
5,49,0.0004,-0.0004,642.11,1583.18,1394.48,554.64,220,0
5,50,-0.0011,-0.0001,642.2,1586.48,1403.06,554.98,219,0
5,51,-0.0037,0.0,642.32,1580.84,1393.67,555.05,218,0
5,52,0.0006,-0.0,641.86,1585.97,1403.88,554.94,217,0
5,53,0.0008,0.0001,642.2,1582.71,1393.24,554.25,216,0
5,54,-0.0023,0.0005,642.14,1577.1,1399.58,554.19,215,0
5,55,-0.0004,-0.0005,641.98,1586.8,1394.57,555.17,214,0
5,56,-0.0016,0.0003,642.12,1581.49,1397.74,554.59,213,0
5,57,-0.0002,0.0001,641.95,1578.24,1394.93,554.47,212,0
5,58,-0.0008,0.0004,642.61,1581.9,1399.9,554.31,211,0
5,59,0.001,0.0005,642.05,1589.45,1400.43,554.4,210,0
5,60,-0.0008,-0.0005,642.0,1582.34,1396.08,554.45,209,0
5,61,-0.0024,0.0001,642.36,1586.95,1396.92,554.64,208,0
5,62,0.0025,-0.0001,641.94,1581.42,1406.63,554.57,207,0
5,63,0.003,0.0003,642.18,1585.76,1392.17,554.81,206,0
5,64,0.0001,-0.0002,642.4,1586.2,1396.45,554.12,205,0
5,65,0.0006,-0.0001,641.96,1578.21,1389.19,554.64,204,0
5,66,0.005,0.0004,642.16,1582.39,1402.35,554.21,203,0
5,67,0.0005,-0.0004,641.67,1582.01,1396.82,555.49,202,0
5,68,-0.0018,0.0001,642.0,1579.94,1395.59,554.06,201,0
5,69,-0.0017,-0.0002,641.9,1589.43,1390.32,554.63,200,0
5,70,0.0009,-0.0004,641.86,1583.3,1389.87,554.51,199,0
5,71,0.0011,0.0004,642.35,1581.52,1401.7,554.13,198,0
5,72,0.0036,-0.0003,641.76,1580.74,1399.84,554.47,197,0
5,73,-0.0012,-0.0002,642.28,1586.66,1396.49,554.24,196,0
5,74,-0.005,-0.0002,642.05,1576.18,1403.57,553.43,195,0
5,75,0.0011,-0.0004,642.34,1576.87,1395.05,554.16,194,0
5,76,0.0014,0.0005,642.29,1585.43,1402.8,554.33,193,0
5,77,-0.0016,-0.0001,642.99,1582.03,1400.14,554.69,192,0
5,78,0.0011,-0.0005,642.15,1593.61,1407.48,554.27,191,0
5,79,-0.0004,-0.0001,642.16,1583.08,1401.35,554.27,190,0
5,80,-0.0032,0.0003,642.18,1582.73,1396.24,554.33,189,0
5,81,0.0009,-0.0005,642.38,1592.17,1400.48,554.47,188,0
5,82,-0.0001,-0.0001,642.5,1584.27,1400.08,555.48,187,0
5,83,0.0018,-0.0003,642.19,1588.18,1395.2,554.3,186,0
5,84,-0.0018,0.0001,642.59,1587.38,1396.86,554.86,185,0
5,85,0.0015,-0.0003,642.42,1582.86,1403.16,554.41,184,0
5,86,0.0017,-0.0002,642.21,1585.24,1402.72,554.86,183,0
5,87,-0.0001,-0.0005,642.39,1588.63,1399.65,554.98,182,0
5,88,0.0014,-0.0005,642.38,1588.61,1400.56,554.18,181,0
5,89,-0.0028,0.0003,642.54,1580.0,1399.09,554.3,180,0
5,90,0.0025,0.0001,641.75,1587.26,1398.29,554.88,179,0
5,91,-0.0052,-0.0001,642.4,1584.88,1397.86,554.37,178,0
5,92,-0.0015,-0.0002,641.96,1584.87,1397.48,554.48,177,0
5,93,-0.0028,0.0001,642.14,1586.11,1407.84,554.78,176,0
5,94,0.0021,-0.0003,642.44,1589.66,1402.46,554.69,175,0
5,95,0.0002,0.0001,642.27,1580.93,1394.89,554.31,174,0
5,96,0.0004,-0.0001,642.62,1580.17,1403.38,554.06,173,0
5,97,-0.0029,0.0004,641.94,1580.56,1403.69,554.62,172,0
5,98,0.0028,-0.0002,641.62,1581.93,1395.22,554.37,171,0
5,99,-0.0012,-0.0002,642.17,1591.08,1391.43,554.22,170,0
5,100,-0.0027,-0.0003,641.92,1585.75,1397.44,553.54,169,0
5,101,0.0004,-0.0002,642.7,1579.62,1397.41,553.76,168,0
5,102,0.0027,-0.0002,642.63,1579.47,1393.14,554.64,167,0
5,103,0.0027,-0.0003,641.39,1585.05,1397.75,553.78,166,0
5,104,-0.0001,-0.0002,642.13,1588.35,1405.5,553.94,165,0
5,105,0.0034,-0.0001,642.52,1582.74,1399.72,554.3,164,0
5,106,0.0022,-0.0,642.42,1585.81,1399.66,554.65,163,0
5,107,-0.0009,0.0002,642.12,1580.22,1403.27,554.18,162,0
5,108,-0.0004,0.0002,642.61,1592.57,1406.74,554.05,161,0
5,109,0.0012,0.0002,642.03,1581.03,1391.38,554.31,160,0
5,110,0.003,-0.0005,641.57,1580.4,1400.61,554.33,159,0
5,111,0.0008,-0.0001,642.12,1588.25,1399.03,553.91,158,0
5,112,0.0035,0.0,642.18,1578.36,1398.63,553.6,157,0
5,113,-0.0047,-0.0005,642.47,1581.8,1397.04,554.59,156,0
5,114,0.0023,-0.0004,642.12,1586.53,1399.95,554.2,155,0
5,115,-0.0003,0.0,642.77,1582.08,1402.61,555.09,154,0
5,116,0.0029,-0.0003,641.54,1578.3,1397.36,554.95,153,0
5,117,0.0002,0.0001,642.57,1585.3,1406.58,554.4,152,0
5,118,-0.0023,0.0004,642.04,1589.99,1394.96,554.57,151,0
5,119,0.0028,-0.0002,642.25,1585.03,1391.47,554.5,150,0
5,120,0.0003,-0.0002,641.96,1587.16,1405.61,554.14,149,0
5,121,0.0007,-0.0004,642.57,1584.87,1402.45,554.38,148,0
5,122,0.0015,0.0003,641.78,1580.36,1396.67,554.41,147,0
5,123,0.0015,-0.0004,641.65,1588.78,1401.27,554.09,146,0
5,124,0.0045,0.0003,642.63,1589.31,1397.74,554.24,145,0
5,125,-0.0017,0.0001,641.73,1578.0,1406.98,554.33,144,0
5,126,-0.0009,-0.0001,641.86,1582.79,1410.79,553.99,143,0
5,127,-0.0006,-0.0,642.43,1583.6,1408.51,554.6,142,0
5,128,-0.005,0.0002,642.35,1589.76,1404.39,553.89,141,0
5,129,0.0023,-0.0003,642.68,1588.84,1397.11,554.65,140,0
5,130,0.0021,0.0001,643.07,1586.07,1408.21,553.76,139,0
5,131,0.0001,-0.0002,642.21,1586.16,1397.93,554.12,138,0
5,132,0.0021,-0.0002,642.43,1591.74,1399.12,554.63,137,0
5,133,-0.0037,-0.0003,642.28,1589.63,1404.86,553.91,136,0
5,134,-0.0029,-0.0003,641.32,1585.83,1399.74,554.34,135,0
5,135,0.0007,0.0001,641.98,1587.28,1402.53,554.09,134,0
5,136,-0.0021,-0.0002,641.52,1578.2,1402.29,554.81,133,0
5,137,-0.0024,-0.0002,642.24,1584.09,1401.1,554.89,132,0
5,138,-0.0025,0.0003,641.67,1583.46,1399.78,554.45,131,0
5,139,-0.0009,0.0003,642.33,1584.72,1401.56,555.09,130,0
5,140,0.003,0.0,642.83,1585.38,1401.41,553.73,129,0
5,141,0.0013,0.0004,641.74,1588.78,1399.09,554.44,128,0
5,142,-0.0006,0.0004,642.36,1585.52,1402.08,554.61,127,0
5,143,0.0004,-0.0003,642.4,1587.63,1397.69,554.91,126,0
5,144,0.0006,0.0001,642.35,1580.32,1398.33,554.21,125,0
5,145,0.0015,-0.0003,642.31,1592.74,1402.0,554.58,124,0
5,146,0.0009,0.0001,642.77,1593.16,1407.3,553.9,123,0
5,147,0.0022,-0.0004,642.01,1591.29,1400.0,553.86,122,0
5,148,-0.002,-0.0001,642.24,1583.74,1397.13,554.64,121,0
5,149,-0.0008,-0.0002,642.53,1585.65,1401.78,553.95,120,0
5,150,0.0004,0.0001,641.86,1583.1,1410.38,553.81,119,0
5,151,0.001,-0.0,642.03,1588.2,1406.3,554.4,118,0
5,152,0.0002,-0.0003,641.87,1583.85,1395.92,553.55,117,0
5,153,0.0019,0.0002,642.62,1589.26,1406.59,554.39,116,0
5,154,-0.0019,-0.0001,642.24,1581.11,1394.88,554.47,115,0
5,155,0.0005,-0.0002,642.32,1584.17,1399.99,554.56,114,0
5,156,-0.0012,-0.0003,642.24,1590.06,1401.26,553.05,113,0
5,157,0.0006,0.0001,642.13,1589.32,1404.11,554.02,112,0
5,158,-0.0001,-0.0005,641.88,1592.3,1400.2,553.82,111,0
5,159,-0.0007,-0.0001,642.42,1585.25,1410.83,553.99,110,0
5,160,0.0022,0.0004,642.28,1589.77,1407.02,553.84,109,0
5,161,0.0019,-0.0005,642.04,1587.84,1408.28,553.85,108,0
5,162,-0.0017,0.0004,642.07,1586.84,1401.45,554.61,107,0
5,163,-0.001,0.0004,642.63,1594.42,1403.54,553.72,106,0
5,164,-0.0019,-0.0001,642.56,1591.76,1397.82,554.5,105,0
5,165,0.0007,0.0003,642.53,1592.1,1405.58,553.89,104,0
5,166,-0.0021,-0.0004,642.7,1587.64,1398.78,554.41,103,0
5,167,-0.0004,0.0003,642.54,1585.36,1398.88,554.44,102,0
5,168,-0.0004,-0.0004,642.22,1584.33,1406.51,553.71,101,0
5,169,-0.003,0.0001,642.61,1584.53,1404.83,553.94,100,0
5,170,0.0009,-0.0004,642.8,1590.51,1406.09,553.83,99,0
5,171,-0.0032,0.0003,642.41,1585.41,1405.3,553.62,98,0
5,172,0.0019,0.0001,642.05,1581.11,1409.15,554.47,97,0
5,173,0.0055,0.0,642.61,1578.99,1399.72,554.43,96,0
5,174,0.001,0.0,642.28,1585.0,1405.4,553.46,95,0
5,175,-0.0002,0.0004,642.07,1591.64,1407.55,553.65,94,0
5,176,-0.0029,-0.0,642.25,1587.02,1406.02,553.7,93,0
5,177,-0.0043,-0.0002,642.32,1593.2,1404.8,554.05,92,0
5,178,-0.0022,-0.0004,642.19,1584.35,1400.44,553.8,91,0
5,179,0.001,0.0002,642.66,1585.57,1404.91,553.92,90,0
5,180,-0.0023,0.0003,642.93,1589.16,1401.28,554.39,89,0
5,181,0.0012,-0.0,642.13,1585.09,1406.41,553.92,88,0
5,182,-0.0015,0.0001,641.97,1587.0,1410.72,553.43,87,0
5,183,0.0004,-0.0003,642.35,1587.85,1414.51,554.04,86,0
5,184,0.0018,-0.0005,642.56,1590.2,1405.85,553.53,85,0
5,185,-0.0014,-0.0004,642.49,1589.31,1409.3,553.25,84,0
5,186,0.0002,-0.0004,641.84,1589.4,1403.46,554.15,83,0
5,187,-0.0003,0.0004,642.99,1586.12,1401.97,553.8,82,0
5,188,0.0004,-0.0004,642.91,1587.14,1406.65,553.35,81,0
5,189,0.0005,-0.0004,643.18,1582.91,1411.05,553.77,80,0
5,190,-0.0063,-0.0005,641.95,1592.58,1405.86,552.91,79,0
5,191,-0.0042,0.0002,642.4,1580.79,1401.97,553.1,78,0
5,192,-0.0008,0.0004,643.06,1589.78,1408.25,553.33,77,0
5,193,-0.0003,0.0001,642.55,1589.42,1414.49,552.88,76,0
5,194,0.0003,0.0004,642.47,1592.41,1405.27,553.82,75,0
5,195,-0.0005,-0.0,642.4,1590.34,1421.88,553.55,74,0
5,196,0.0025,0.0,642.36,1596.19,1412.29,553.47,73,0
5,197,0.0021,-0.0003,642.43,1590.01,1403.3,553.4,72,0
5,198,0.0039,-0.0004,642.75,1591.13,1409.6,553.37,71,0
5,199,0.0001,-0.0005,642.77,1595.73,1399.32,553.35,70,0
5,200,0.0028,0.0,642.45,1585.8,1404.94,553.35,69,0
5,201,-0.0025,0.0003,642.26,1589.08,1407.48,553.72,68,0
5,202,-0.0019,-0.0,642.63,1592.03,1418.05,553.57,67,0
5,203,0.0015,0.0004,643.22,1589.02,1406.81,552.99,66,0
5,204,-0.0005,-0.0,642.67,1595.31,1414.63,553.85,65,0
5,205,-0.001,-0.0005,642.58,1584.22,1402.8,553.92,64,0
5,206,0.0012,-0.0004,642.6,1589.26,1412.15,553.33,63,0
5,207,0.0008,-0.0003,642.59,1585.09,1418.64,553.19,62,0
5,208,-0.0006,-0.0001,643.29,1598.96,1410.31,553.17,61,0
5,209,-0.0002,0.0001,642.75,1588.4,1407.83,552.95,60,0
5,210,0.0015,0.0004,643.25,1601.16,1414.9,553.48,59,0
5,211,0.0004,-0.0001,642.81,1593.96,1410.44,553.41,58,0
5,212,-0.0026,-0.0001,643.46,1588.53,1407.63,553.14,57,0
5,213,-0.0027,0.0001,642.61,1592.49,1411.76,553.11,56,0
5,214,-0.0007,-0.0,642.41,1590.22,1415.59,553.06,55,0
5,215,0.003,-0.0,643.25,1598.9,1414.35,552.63,54,0
5,216,0.0014,-0.0004,642.33,1597.02,1419.51,553.25,53,0
5,217,-0.001,0.0004,642.69,1590.44,1411.58,553.41,52,0
5,218,-0.0014,0.0001,643.14,1593.78,1412.19,553.2,51,0
5,219,-0.0027,-0.0002,642.85,1591.7,1410.72,552.88,50,0
5,220,-0.0011,-0.0,642.63,1591.54,1412.16,553.48,49,0
5,221,0.0034,0.0001,642.84,1599.89,1411.56,553.3,48,0
5,222,-0.0009,0.0003,642.6,1593.52,1413.57,553.17,47,0
5,223,0.0015,-0.0003,642.33,1598.78,1414.61,553.29,46,0
5,224,0.0017,0.0005,642.94,1594.2,1409.75,553.0,45,0
5,225,0.0009,-0.0004,642.92,1592.04,1420.41,553.01,44,0
5,226,-0.0031,-0.0001,642.71,1595.56,1410.58,553.43,43,0
5,227,0.0013,-0.0001,642.72,1597.53,1409.96,552.61,42,0
5,228,0.0011,-0.0001,642.73,1595.91,1416.9,553.26,41,0
5,229,-0.0018,-0.0004,643.36,1599.17,1410.49,552.54,40,0
5,230,-0.0011,0.0003,643.4,1595.61,1422.13,552.73,39,0
5,231,0.0022,0.0003,642.73,1585.5,1418.89,552.79,38,0
5,232,-0.0011,-0.0001,642.72,1599.3,1412.06,552.8,37,0
5,233,0.0002,-0.0004,643.7,1596.32,1410.89,553.12,36,0
5,234,0.0019,0.0002,642.34,1603.24,1414.62,552.73,35,0
5,235,-0.0026,-0.0002,643.17,1597.63,1414.36,552.8,34,0
5,236,0.0016,-0.0002,643.25,1593.6,1413.45,553.3,33,0
5,237,0.0003,-0.0002,643.68,1589.94,1416.89,553.0,32,0
5,238,0.0011,-0.0004,643.14,1595.09,1420.25,553.35,31,0
5,239,-0.0038,0.0002,643.05,1601.15,1418.73,553.54,30,1
5,240,0.001,0.0001,643.41,1587.88,1420.74,552.8,29,1
5,241,0.0007,0.0,642.99,1592.89,1428.4,552.57,28,1
5,242,0.0021,-0.0005,643.07,1603.83,1416.36,552.37,27,1
5,243,0.0029,0.0001,643.25,1599.63,1418.14,552.95,26,1
5,244,0.0002,-0.0001,642.95,1591.37,1422.41,553.16,25,1
5,245,0.001,0.0001,643.13,1599.31,1421.8,552.46,24,1
5,246,-0.0003,-0.0001,643.49,1600.21,1422.59,552.52,23,1
5,247,0.0005,0.0,643.4,1601.11,1416.75,551.86,22,1
5,248,0.0001,0.0001,643.45,1594.09,1422.62,552.66,21,1
5,249,-0.0041,0.0002,643.56,1597.93,1423.94,551.98,20,1
5,250,0.0004,0.0004,643.14,1596.58,1425.52,552.79,19,1
5,251,-0.0031,0.0002,643.59,1599.58,1423.26,551.47,18,1
5,252,-0.0013,-0.0001,643.71,1598.85,1419.15,551.81,17,1
5,253,0.0032,-0.0004,643.59,1602.52,1423.22,551.61,16,1
5,254,0.0043,-0.0005,643.3,1591.58,1424.36,551.48,15,1
5,255,-0.0015,-0.0003,643.46,1594.11,1428.03,551.73,14,1
5,256,0.0007,0.0005,643.66,1602.29,1431.89,551.4,13,1
5,257,0.0011,0.0004,643.22,1604.25,1424.27,552.21,12,1
5,258,0.0007,-0.0002,643.44,1596.35,1427.69,552.5,11,1
5,259,-0.0018,-0.0003,643.78,1608.65,1420.14,551.42,10,1
5,260,0.0046,-0.0004,643.25,1607.39,1425.28,552.24,9,1
5,261,0.0014,0.0005,643.27,1600.6,1421.13,552.07,8,1
5,262,-0.001,0.0001,643.56,1601.82,1424.81,552.49,7,1
5,263,-0.0013,-0.0003,643.95,1608.2,1421.15,551.57,6,1
5,264,0.004,-0.0005,643.77,1606.55,1425.39,551.7,5,1
5,265,0.0028,-0.0003,643.8,1605.53,1424.57,551.37,4,1
5,266,0.0,-0.0002,643.38,1609.33,1434.4,552.35,3,1
5,267,0.0018,0.0001,643.73,1609.41,1430.25,551.55,2,1
5,268,0.0033,-0.0002,644.02,1608.65,1434.59,552.22,1,1
5,269,0.0022,0.0003,643.46,1597.28,1430.74,550.77,0,1
6,1,-0.0019,0.0003,642.73,1584.4,1412.34,552.99,187,0
6,2,0.0021,-0.0004,642.07,1590.38,1401.1,553.02,186,0
6,3,-0.0031,0.0001,642.57,1588.18,1405.86,552.76,185,0
6,4,0.0006,0.0,641.97,1589.4,1401.21,553.1,184,0
6,5,0.0029,-0.0005,642.62,1595.13,1409.67,553.27,183,0
6,6,0.0038,0.0002,642.33,1589.59,1408.46,553.91,182,0
6,7,-0.0003,0.0005,642.44,1586.65,1403.63,553.28,181,0
6,8,0.0004,-0.0003,642.33,1586.78,1404.99,553.89,180,0
6,9,0.0012,-0.0004,643.36,1585.15,1407.48,553.54,179,0
6,10,0.0,-0.0003,642.81,1587.89,1414.99,553.28,178,0
6,11,0.0039,-0.0005,642.5,1586.81,1401.78,552.84,177,0
6,12,-0.0033,-0.0,642.28,1594.5,1404.65,552.36,176,0
6,13,0.002,0.0002,642.37,1589.99,1409.91,553.67,175,0
6,14,-0.0035,0.0003,642.91,1592.99,1406.48,553.98,174,0
6,15,-0.001,-0.0004,642.55,1584.5,1410.62,553.84,173,0
6,16,0.0003,0.0002,643.02,1589.35,1411.03,553.15,172,0
6,17,0.0015,-0.0005,643.11,1588.67,1411.59,552.85,171,0
6,18,0.003,0.0005,642.68,1587.04,1410.2,552.43,170,0
6,19,0.0031,-0.0,642.19,1588.21,1408.93,552.77,169,0
6,20,0.0002,-0.0004,642.63,1590.31,1405.84,553.16,168,0
6,21,0.0014,0.0005,642.41,1587.62,1411.2,553.52,167,0
6,22,0.0001,0.0004,642.75,1586.8,1412.36,553.78,166,0
6,23,-0.0035,0.0,642.65,1592.61,1405.78,552.93,165,0
6,24,0.0013,-0.0002,642.64,1587.84,1408.88,552.66,164,0
6,25,-0.0025,-0.0005,642.6,1588.2,1404.17,553.01,163,0
6,26,0.0023,0.0003,643.19,1591.45,1409.38,553.53,162,0
6,27,-0.002,0.0002,642.91,1587.33,1408.41,553.68,161,0
6,28,0.0024,0.0003,642.68,1590.93,1407.17,553.42,160,0
6,29,0.0036,-0.0003,642.02,1587.92,1411.63,552.83,159,0
6,30,-0.0012,-0.0001,642.1,1583.0,1409.32,553.29,158,0
6,31,-0.0013,-0.0002,642.36,1591.59,1402.06,553.17,157,0
6,32,-0.0002,-0.0005,643.03,1588.4,1407.94,553.34,156,0
6,33,0.0027,-0.0003,642.59,1590.24,1400.61,553.47,155,0
6,34,-0.001,0.0005,642.41,1593.18,1412.46,553.22,154,0
6,35,-0.0021,0.0002,642.81,1581.62,1406.36,553.45,153,0
6,36,-0.0032,0.0003,642.88,1587.89,1410.89,553.71,152,0
6,37,-0.001,0.0002,642.47,1591.16,1409.57,553.08,151,0
6,38,0.0013,-0.0001,642.47,1586.16,1407.91,553.28,150,0
6,39,-0.0035,-0.0003,642.68,1588.69,1410.96,553.47,149,0
6,40,0.0016,-0.0,642.67,1584.77,1414.82,553.58,148,0
6,41,0.0032,0.0001,643.18,1586.37,1409.15,552.81,147,0
6,42,-0.001,0.0003,641.82,1583.49,1409.75,553.23,146,0
6,43,0.004,0.0004,642.98,1587.55,1403.0,552.65,145,0
6,44,0.0022,0.0005,642.42,1594.67,1406.01,553.21,144,0
6,45,-0.0008,0.0,642.41,1588.48,1409.32,553.61,143,0
6,46,-0.0001,0.0004,642.94,1587.34,1403.16,553.37,142,0
6,47,-0.0002,-0.0,642.06,1587.53,1405.63,552.47,141,0
6,48,0.0027,0.0004,642.64,1586.67,1405.29,552.99,140,0
6,49,-0.0005,0.0002,642.85,1592.36,1412.66,553.58,139,0
6,50,-0.0027,0.0001,642.55,1591.46,1401.18,553.22,138,0
6,51,0.0023,-0.0004,643.18,1587.6,1411.46,553.58,137,0
6,52,-0.0011,-0.0001,642.81,1591.54,1407.97,553.58,136,0
6,53,-0.0025,0.0001,642.72,1587.56,1411.47,553.47,135,0
6,54,-0.0023,-0.0004,643.0,1594.48,1408.17,553.57,134,0
6,55,0.001,-0.0001,642.62,1593.8,1410.73,553.6,133,0
6,56,-0.0037,0.0004,642.53,1589.29,1411.17,553.4,132,0
6,57,0.0032,-0.0001,642.4,1592.85,1409.82,553.45,131,0
6,58,-0.0052,-0.0004,642.83,1585.97,1414.39,553.0,130,0
6,59,0.0014,0.0005,642.99,1588.01,1410.16,552.76,129,0
6,60,-0.0026,-0.0002,642.75,1590.14,1406.9,552.75,128,0
6,61,0.0,0.0002,643.24,1595.27,1413.96,553.3,127,0
6,62,-0.0007,-0.0001,642.59,1593.19,1404.16,553.03,126,0
6,63,0.0015,-0.0005,642.55,1597.51,1412.65,553.6,125,0
6,64,0.0006,-0.0004,643.19,1589.76,1407.19,553.58,124,0
6,65,-0.0017,-0.0004,642.56,1591.75,1411.47,553.4,123,0
6,66,0.0038,0.0003,642.7,1594.43,1408.8,553.41,122,0
6,67,-0.0005,0.0005,642.87,1588.19,1412.54,553.11,121,0
6,68,0.002,-0.0002,642.66,1587.59,1413.13,553.19,120,0
6,69,-0.0037,0.0001,642.48,1592.19,1406.96,553.28,119,0
6,70,0.0022,-0.0003,643.06,1599.27,1409.21,553.1,118,0
6,71,-0.0019,-0.0002,642.89,1594.41,1412.36,553.41,117,0
6,72,0.0002,0.0003,642.92,1586.94,1415.8,553.13,116,0
6,73,-0.0005,0.0003,643.07,1590.53,1410.2,552.74,115,0
6,74,0.0021,0.0004,642.53,1588.12,1409.58,552.94,114,0
6,75,-0.0003,-0.0002,642.69,1583.72,1410.5,552.67,113,0
6,76,-0.0002,0.0003,642.28,1592.11,1412.11,552.24,112,0
6,77,-0.0025,0.0003,643.32,1587.84,1416.71,553.91,111,0
6,78,-0.0009,0.0001,643.26,1586.98,1411.31,553.99,110,0
6,79,-0.0004,0.0004,643.12,1593.19,1414.85,553.54,109,0
6,80,0.0012,0.0002,642.86,1593.18,1409.06,552.67,108,0
6,81,-0.0007,-0.0002,642.38,1595.09,1411.1,553.81,107,0
6,82,0.0019,-0.0002,642.48,1588.5,1410.57,552.88,106,0
6,83,0.0003,-0.0002,642.74,1593.02,1415.45,552.77,105,0
6,84,-0.0003,0.0002,643.14,1584.71,1409.65,553.22,104,0
6,85,0.0004,-0.0001,642.75,1600.84,1405.68,552.61,103,0
6,86,0.0003,0.0003,642.72,1595.44,1416.17,552.66,102,0
6,87,-0.0052,-0.0004,642.6,1588.86,1409.65,553.3,101,0
6,88,-0.0008,-0.0001,642.92,1590.45,1404.54,553.89,100,0
6,89,-0.0006,0.0003,643.03,1596.52,1417.55,552.79,99,0
6,90,0.0021,-0.0003,642.61,1593.37,1413.78,553.14,98,0
6,91,-0.0007,-0.0001,643.24,1585.21,1406.95,552.88,97,0
6,92,-0.003,-0.0004,642.8,1591.9,1407.76,552.35,96,0
6,93,0.0017,-0.0004,642.76,1597.36,1414.44,553.4,95,0
6,94,-0.0004,-0.0002,642.65,1587.86,1409.07,553.14,94,0
6,95,0.001,0.0001,643.05,1594.11,1412.55,553.76,93,0
6,96,0.0018,-0.0004,642.87,1593.96,1415.55,552.97,92,0
6,97,-0.001,0.0005,642.89,1590.23,1408.62,552.68,91,0
6,98,0.0039,0.0003,642.82,1597.14,1416.6,553.32,90,0
6,99,-0.0021,-0.0005,643.16,1597.69,1412.9,552.68,89,0
6,100,0.0016,-0.0005,642.73,1592.11,1406.43,552.83,88,0
6,101,0.0017,0.0005,642.49,1594.92,1419.53,553.13,87,0
6,102,-0.0,0.0005,642.84,1596.24,1412.98,552.57,86,0
6,103,-0.0026,0.0001,642.46,1588.07,1414.95,553.43,85,0
6,104,0.0013,-0.0004,642.87,1590.41,1415.34,553.22,84,0
6,105,0.0035,0.0003,641.96,1587.32,1411.0,552.88,83,0
6,106,0.0029,-0.0001,643.18,1592.66,1405.57,553.47,82,0
6,107,-0.0004,-0.0004,642.85,1590.97,1409.77,553.18,81,0
6,108,0.0007,0.0004,643.17,1589.04,1410.71,552.89,80,0
6,109,-0.0022,0.0001,642.92,1590.02,1411.74,552.94,79,0
6,110,0.001,0.0,642.61,1587.91,1409.73,553.39,78,0
6,111,0.0033,0.0002,642.8,1593.61,1415.82,553.26,77,0
6,112,-0.0023,0.0005,642.52,1599.51,1415.13,552.97,76,0
6,113,-0.0032,-0.0002,643.26,1596.12,1415.38,552.35,75,0
6,114,-0.0011,0.0005,643.31,1590.48,1411.76,552.62,74,0
6,115,-0.0013,-0.0005,643.01,1598.31,1408.65,552.68,73,0
6,116,0.0034,0.0,642.85,1594.33,1413.04,553.41,72,0
6,117,-0.0006,-0.0004,643.36,1593.99,1411.06,553.51,71,0
6,118,-0.004,-0.0,642.68,1593.66,1420.65,552.54,70,0
6,119,-0.0006,0.0003,643.15,1598.18,1417.57,553.83,69,0
6,120,-0.0023,-0.0005,642.88,1591.39,1411.38,553.03,68,0
6,121,0.0037,-0.0,642.64,1588.74,1411.89,552.17,67,0
6,122,0.0009,0.0005,642.8,1600.48,1415.47,553.1,66,0
6,123,-0.0005,-0.0003,642.93,1591.88,1411.83,552.6,65,0
6,124,0.0008,0.0004,642.77,1587.78,1412.33,552.94,64,0
6,125,0.0038,-0.0005,643.0,1595.44,1410.66,552.75,63,0
6,126,-0.0003,0.0004,643.38,1601.09,1413.47,552.44,62,0
6,127,-0.0011,-0.0001,643.4,1589.95,1413.29,552.63,61,0
6,128,0.0009,0.0002,642.91,1598.04,1412.09,552.66,60,0
6,129,0.0025,-0.0004,643.04,1586.2,1410.4,552.98,59,0
6,130,0.0044,-0.0001,642.85,1593.74,1421.59,552.63,58,0
6,131,0.001,-0.0004,643.31,1594.83,1420.65,552.31,57,0
6,132,-0.0021,0.0002,642.87,1590.0,1406.78,553.06,56,0
6,133,0.001,0.0004,642.92,1592.53,1415.54,551.83,55,0
6,134,-0.0047,0.0005,643.28,1596.67,1419.29,552.27,54,0
6,135,-0.0011,0.0003,643.1,1591.43,1417.4,552.97,53,0
6,136,-0.0051,-0.0,643.32,1586.81,1413.17,552.54,52,0
6,137,-0.0001,0.0002,643.11,1588.99,1411.43,552.93,51,0
6,138,0.0034,-0.0002,643.02,1590.59,1416.62,552.7,50,0
6,139,0.0009,-0.0005,643.28,1591.23,1418.23,552.38,49,0
6,140,-0.0003,0.0001,643.86,1590.28,1414.25,552.22,48,0
6,141,0.0023,-0.0004,642.88,1593.21,1418.38,552.61,47,0
6,142,-0.0017,-0.0,642.64,1596.49,1422.25,552.21,46,0
6,143,0.0003,0.0,643.22,1592.7,1415.86,552.52,45,0
6,144,-0.0001,-0.0005,643.15,1595.07,1415.58,552.47,44,0
6,145,-0.0019,0.0003,643.09,1595.65,1415.82,552.24,43,0
6,146,0.0024,-0.0001,642.69,1596.92,1417.09,552.1,42,0
6,147,0.0008,-0.0003,642.99,1595.61,1416.96,552.76,41,0
6,148,-0.0003,0.0005,642.95,1604.49,1418.66,552.83,40,0
6,149,-0.0013,0.0002,643.28,1599.29,1421.19,552.23,39,0
6,150,0.0039,0.0,643.0,1599.67,1420.07,553.03,38,0
6,151,0.0014,-0.0003,643.16,1592.0,1423.27,552.71,37,0
6,152,0.0001,-0.0004,643.34,1600.51,1424.84,552.56,36,0
6,153,-0.0069,0.0003,643.05,1590.37,1420.74,551.51,35,0
6,154,-0.001,-0.0002,643.4,1600.39,1419.33,552.4,34,0
6,155,-0.0013,0.0005,642.67,1589.15,1419.23,551.6,33,0
6,156,-0.004,-0.0003,643.45,1595.36,1417.31,552.31,32,0
6,157,-0.0004,-0.0002,642.35,1590.18,1419.84,551.98,31,0
6,158,-0.0028,0.0004,643.66,1596.43,1422.25,552.5,30,1
6,159,-0.001,-0.0,642.93,1592.5,1417.03,552.26,29,1
6,160,-0.002,-0.0002,643.61,1603.1,1423.05,551.56,28,1
6,161,-0.0011,0.0001,643.77,1593.28,1422.93,552.35,27,1
6,162,0.002,-0.0005,643.25,1592.09,1420.87,552.15,26,1
6,163,0.0043,0.0003,643.29,1602.42,1423.01,551.51,25,1
6,164,0.0021,0.0002,643.45,1605.92,1423.29,552.42,24,1
6,165,0.0002,-0.0005,644.03,1603.61,1423.5,551.82,23,1
6,166,0.0027,-0.0005,644.05,1602.62,1422.7,551.68,22,1
6,167,0.0,-0.0005,643.48,1599.22,1425.97,551.98,21,1
6,168,-0.0014,0.0004,642.87,1590.83,1425.2,552.38,20,1
6,169,-0.0002,-0.0001,644.12,1597.11,1426.68,552.08,19,1
6,170,0.0009,-0.0003,643.91,1599.73,1425.87,551.35,18,1
6,171,-0.0027,-0.0002,643.82,1601.73,1423.31,551.38,17,1
6,172,-0.0026,-0.0003,643.18,1593.7,1432.3,551.45,16,1
6,173,-0.0029,0.0002,643.45,1597.11,1423.89,551.37,15,1
6,174,0.0011,0.0004,643.21,1602.11,1426.34,551.65,14,1
6,175,0.0017,0.0003,643.84,1602.72,1427.35,551.53,13,1
6,176,0.001,0.0003,643.71,1604.31,1423.22,551.47,12,1
6,177,0.0,0.0002,643.5,1590.96,1421.52,551.5,11,1
6,178,-0.0025,0.0004,643.78,1603.27,1424.84,551.24,10,1
6,179,-0.0026,-0.0003,643.58,1607.63,1424.83,551.62,9,1
6,180,0.0038,-0.0002,643.76,1598.73,1426.72,551.27,8,1
6,181,-0.0022,-0.0002,643.44,1603.07,1430.56,551.46,7,1
6,182,0.0035,-0.0004,644.0,1596.51,1423.81,551.95,6,1
6,183,0.001,0.0005,644.01,1597.82,1430.47,551.7,5,1
6,184,0.0022,0.0004,643.52,1598.05,1432.22,551.31,4,1
6,185,0.0022,0.0001,643.78,1603.37,1434.09,551.33,3,1
6,186,-0.0054,-0.0001,644.01,1603.59,1430.37,550.59,2,1
6,187,-0.002,0.0003,643.76,1602.69,1423.45,551.45,1,1
6,188,0.0014,-0.0004,643.47,1600.63,1434.92,550.7,0,1
7,1,-0.0005,0.0004,642.38,1589.49,1395.48,554.76,258,0
7,2,0.0008,-0.0003,642.57,1583.11,1395.97,553.97,257,0
7,3,-0.0014,-0.0002,642.25,1589.44,1397.74,554.95,256,0
7,4,-0.002,0.0001,642.31,1585.59,1397.85,553.3,255,0
7,5,0.0016,0.0,642.25,1587.23,1402.54,554.64,254,0
7,6,0.0011,-0.0005,642.49,1586.12,1403.1,553.89,253,0
7,7,-0.0038,0.0002,642.45,1588.36,1391.19,554.66,252,0
7,8,-0.0007,-0.0005,642.41,1586.97,1401.42,554.05,251,0
7,9,-0.0026,0.0,642.22,1582.13,1401.77,554.31,250,0
7,10,0.0019,-0.0002,642.29,1588.96,1393.25,554.14,249,0
7,11,0.0026,-0.0002,642.74,1585.25,1393.96,554.11,248,0
7,12,-0.0036,-0.0004,642.08,1590.55,1397.36,554.21,247,0
7,13,-0.0011,0.0001,642.47,1584.88,1392.15,554.61,246,0
7,14,0.0009,0.0001,641.76,1579.88,1390.48,554.47,245,0
7,15,-0.005,0.0004,642.29,1582.42,1398.41,554.02,244,0
7,16,0.0024,0.0003,642.3,1588.69,1405.02,554.14,243,0
7,17,-0.0019,0.0001,642.08,1588.75,1397.63,554.94,242,0
7,18,-0.0036,0.0002,642.47,1583.49,1394.65,553.92,241,0
7,19,-0.001,-0.0,642.01,1586.11,1397.51,554.2,240,0
7,20,-0.0028,0.0004,641.99,1585.03,1395.92,554.26,239,0
7,21,0.0001,-0.0002,641.77,1589.77,1404.33,554.69,238,0
7,22,0.0011,0.0004,641.44,1578.03,1394.58,554.63,237,0
7,23,-0.0057,-0.0001,641.76,1586.41,1398.09,554.38,236,0
7,24,0.0057,0.0002,642.44,1583.32,1398.75,553.84,235,0
7,25,-0.0009,-0.0004,641.79,1578.13,1397.07,554.2,234,0
7,26,0.0009,-0.0001,641.87,1585.88,1401.19,554.88,233,0
7,27,0.0005,-0.0001,642.68,1585.5,1397.39,553.65,232,0
7,28,-0.0006,0.0004,642.68,1586.11,1405.38,553.65,231,0
7,29,-0.0012,-0.0001,641.9,1589.95,1396.71,555.01,230,0
7,30,-0.0016,-0.0004,642.18,1585.13,1396.49,554.78,229,0
7,31,-0.0004,0.0001,641.99,1589.16,1402.76,554.51,228,0
7,32,0.0018,-0.0005,642.15,1589.46,1397.4,554.74,227,0
7,33,0.0026,-0.0003,642.19,1585.17,1399.12,554.47,226,0
7,34,-0.0024,-0.0002,642.09,1583.36,1402.93,554.36,225,0
7,35,-0.0055,0.0003,642.67,1591.02,1409.12,554.6,224,0
7,36,0.0012,-0.0004,642.54,1581.96,1393.49,554.98,223,0
7,37,-0.004,-0.0001,642.4,1584.97,1400.55,554.36,222,0
7,38,0.004,-0.0004,642.41,1590.3,1393.57,554.52,221,0
7,39,0.0065,-0.0,642.39,1582.33,1403.52,554.04,220,0
7,40,0.0007,-0.0002,642.14,1587.0,1393.32,554.96,219,0
7,41,-0.0014,-0.0002,642.39,1590.4,1406.12,554.64,218,0
7,42,0.0018,-0.0002,642.7,1580.26,1398.14,554.05,217,0
7,43,0.0009,0.0004,642.32,1582.93,1397.5,555.01,216,0
7,44,0.002,0.0001,642.64,1587.5,1398.15,554.95,215,0
7,45,0.0019,0.0001,642.25,1587.23,1399.97,554.07,214,0
7,46,-0.0037,0.0003,642.37,1586.17,1405.02,554.9,213,0
7,47,-0.0019,0.0003,641.94,1587.72,1401.47,553.74,212,0
7,48,0.0003,0.0,641.94,1585.35,1398.81,554.05,211,0
7,49,0.003,-0.0004,642.43,1586.42,1396.88,554.21,210,0
7,50,-0.0008,0.0004,642.41,1590.47,1400.31,553.68,209,0
7,51,-0.0012,-0.0,642.17,1580.05,1397.42,553.66,208,0
7,52,0.0002,0.0003,641.91,1585.51,1402.13,555.14,207,0
7,53,0.0006,-0.0002,642.38,1582.33,1395.45,553.87,206,0
7,54,0.0007,-0.0004,641.8,1590.77,1400.98,553.78,205,0
7,55,0.0002,0.0004,642.19,1585.93,1399.74,554.13,204,0
7,56,0.0008,0.0,642.53,1584.43,1395.08,554.66,203,0
7,57,-0.0024,-0.0003,643.02,1585.71,1398.43,553.87,202,0
7,58,-0.0043,-0.0001,642.09,1587.14,1400.97,555.14,201,0
7,59,0.0002,-0.0,642.29,1585.96,1397.92,554.73,200,0
7,60,-0.0001,-0.0003,642.19,1581.21,1396.21,554.44,199,0
7,61,0.003,-0.0004,642.08,1586.13,1402.82,553.9,198,0
7,62,0.0031,-0.0004,642.15,1585.67,1390.39,553.81,197,0
7,63,0.0008,-0.0002,642.36,1578.24,1400.55,554.64,196,0
7,64,-0.0006,0.0002,642.54,1589.13,1399.36,554.43,195,0
7,65,-0.0035,-0.0003,642.31,1578.07,1396.6,554.11,194,0
7,66,0.0,-0.0002,642.54,1586.72,1399.23,554.53,193,0
7,67,0.0005,0.0,642.61,1582.7,1402.68,554.02,192,0
7,68,0.0006,-0.0005,641.8,1586.66,1395.57,554.02,191,0
7,69,0.0002,0.0001,642.22,1593.46,1403.5,554.47,190,0
7,70,-0.002,-0.0005,642.09,1583.19,1399.04,554.01,189,0
7,71,0.0032,0.0004,641.53,1584.6,1398.9,554.66,188,0
7,72,0.0012,0.0002,641.78,1582.54,1406.47,554.88,187,0
7,73,-0.0004,-0.0004,642.12,1588.4,1401.72,554.39,186,0
7,74,-0.0004,-0.0001,642.1,1587.52,1407.77,553.65,185,0
7,75,-0.001,0.0004,642.29,1582.94,1402.11,554.73,184,0
7,76,0.0017,-0.0,642.11,1585.7,1407.16,554.14,183,0
7,77,-0.0072,-0.0001,642.36,1588.83,1400.6,554.47,182,0
7,78,-0.0,0.0001,642.14,1583.3,1399.64,554.86,181,0
7,79,0.0008,0.0003,642.48,1588.28,1404.99,553.91,180,0
7,80,0.0028,0.0003,642.07,1585.35,1402.29,553.99,179,0
7,81,0.0021,0.0,641.57,1585.23,1408.11,554.77,178,0
7,82,-0.0018,-0.0005,642.13,1588.93,1398.88,554.92,177,0
7,83,-0.0053,-0.0004,641.94,1588.35,1406.01,554.04,176,0
7,84,0.0035,0.0001,642.9,1586.44,1400.85,553.75,175,0
7,85,0.0003,-0.0004,642.75,1583.4,1402.17,554.85,174,0
7,86,-0.0012,0.0003,641.85,1590.03,1397.76,555.11,173,0
7,87,-0.004,0.0001,642.23,1578.42,1404.01,554.16,172,0
7,88,0.0006,0.0004,642.9,1593.15,1402.65,553.25,171,0
7,89,0.0001,-0.0002,642.34,1593.84,1397.17,554.59,170,0
7,90,-0.0011,-0.0002,641.88,1580.81,1402.41,554.92,169,0
7,91,-0.002,-0.0004,641.75,1592.03,1396.28,553.72,168,0
7,92,0.0016,-0.0004,642.45,1587.27,1397.32,554.28,167,0
7,93,0.0019,-0.0001,642.7,1587.11,1402.29,554.17,166,0
7,94,0.0029,0.0002,642.43,1588.87,1401.99,554.2,165,0
7,95,0.0027,-0.0001,642.19,1583.66,1400.37,554.65,164,0
7,96,-0.0028,0.0003,641.78,1582.22,1392.46,554.1,163,0
7,97,0.0007,-0.0004,641.91,1584.35,1401.32,553.96,162,0
7,98,-0.0009,0.0003,642.46,1587.27,1400.02,553.65,161,0
7,99,0.0012,0.0003,642.55,1586.95,1402.16,554.15,160,0
7,100,0.0011,0.0,642.15,1582.66,1402.89,554.86,159,0
7,101,-0.0026,0.0005,642.05,1593.77,1400.18,553.94,158,0
7,102,0.0019,-0.0002,642.78,1592.88,1395.88,554.68,157,0
7,103,0.0023,-0.0004,642.7,1583.74,1405.56,554.22,156,0
7,104,-0.0005,0.0005,642.23,1582.98,1394.15,553.65,155,0
7,105,0.0001,0.0004,642.35,1583.76,1401.92,554.37,154,0
7,106,0.0043,0.0001,642.63,1583.08,1409.0,554.22,153,0
7,107,0.0048,-0.0001,642.16,1587.77,1402.69,554.15,152,0
7,108,-0.0006,-0.0005,642.39,1587.75,1401.06,554.13,151,0
7,109,0.0014,0.0003,642.71,1586.93,1395.74,554.65,150,0
7,110,-0.0066,-0.0004,642.65,1592.97,1414.46,554.33,149,0
7,111,-0.0028,-0.0005,642.1,1590.37,1402.57,554.17,148,0
7,112,0.0017,-0.0001,642.28,1578.72,1399.47,554.46,147,0
7,113,0.001,-0.0005,642.56,1580.83,1402.84,554.2,146,0
7,114,0.0005,0.0002,642.44,1588.32,1405.78,554.95,145,0
7,115,-0.0006,-0.0004,642.14,1579.89,1405.25,553.3,144,0
7,116,-0.001,0.0,642.18,1590.92,1400.08,554.0,143,0
7,117,-0.0015,0.0003,642.51,1595.71,1396.29,554.1,142,0
7,118,0.0029,-0.0004,642.33,1589.6,1396.89,554.32,141,0
7,119,0.0007,-0.0005,641.84,1579.78,1400.87,553.82,140,0
7,120,0.0017,0.0003,642.02,1588.45,1397.46,553.51,139,0
7,121,-0.006,-0.0004,642.21,1587.33,1408.25,554.3,138,0
7,122,0.0028,-0.0004,642.58,1592.39,1403.24,554.64,137,0
7,123,-0.0018,0.0,642.56,1582.1,1400.06,553.78,136,0
7,124,-0.0007,-0.0,642.25,1592.99,1408.2,553.23,135,0
7,125,0.0019,-0.0003,642.62,1584.19,1402.5,553.96,134,0
7,126,0.0053,0.0002,642.37,1582.3,1397.52,553.59,133,0
7,127,-0.0009,0.0001,642.6,1581.37,1402.39,553.71,132,0
7,128,-0.0007,0.0001,642.51,1588.19,1396.92,553.9,131,0
7,129,-0.0018,0.0001,642.42,1584.1,1400.77,553.95,130,0
7,130,0.0008,-0.0,642.08,1580.49,1406.97,554.12,129,0
7,131,0.0021,-0.0001,642.88,1591.82,1403.05,554.21,128,0
7,132,0.0011,0.0004,642.89,1582.94,1408.8,553.78,127,0
7,133,-0.0005,0.0002,642.69,1591.77,1398.76,554.34,126,0
7,134,-0.0033,0.0003,642.76,1587.73,1406.99,554.34,125,0
7,135,0.0035,-0.0004,642.28,1584.28,1405.56,553.93,124,0
7,136,0.0002,-0.0005,642.34,1586.39,1405.32,553.76,123,0
7,137,0.0024,0.0004,642.02,1587.49,1399.57,553.59,122,0
7,138,0.0012,-0.0002,642.54,1586.83,1410.62,553.56,121,0
7,139,0.0026,-0.0004,642.07,1582.49,1407.34,554.32,120,0
7,140,-0.0002,-0.0002,641.71,1588.01,1397.47,554.19,119,0
7,141,0.0026,0.0004,642.56,1584.06,1405.95,554.37,118,0
7,142,0.0026,0.0004,642.22,1589.54,1408.17,554.43,117,0
7,143,-0.0008,-0.0002,642.17,1591.24,1411.66,553.98,116,0
7,144,-0.0006,-0.0003,642.63,1586.99,1401.53,553.87,115,0
7,145,0.0034,-0.0001,642.17,1584.67,1398.66,554.4,114,0
7,146,-0.0003,0.0,642.78,1586.7,1404.55,554.03,113,0
7,147,-0.0013,-0.0002,642.68,1589.94,1408.84,553.91,112,0
7,148,0.0017,-0.0005,642.4,1587.34,1405.2,552.93,111,0
7,149,0.0001,0.0001,642.77,1589.04,1406.22,553.88,110,0
7,150,0.0018,0.0004,642.53,1586.93,1408.45,553.38,109,0
7,151,0.0001,-0.0001,642.46,1587.8,1399.54,553.87,108,0
7,152,-0.0002,-0.0005,642.56,1586.09,1397.99,553.85,107,0
7,153,-0.0003,-0.0002,642.4,1587.05,1402.57,554.08,106,0
7,154,0.0001,-0.0004,642.29,1592.89,1415.0,553.96,105,0
7,155,-0.0034,0.0002,642.76,1587.23,1405.93,554.02,104,0
7,156,-0.0006,0.0001,642.48,1583.91,1401.34,553.66,103,0
7,157,-0.0032,-0.0005,642.3,1589.61,1404.74,553.46,102,0
7,158,-0.0,0.0001,642.44,1588.62,1403.17,553.79,101,0
7,159,0.0025,0.0,642.88,1587.63,1405.59,553.68,100,0
7,160,0.0002,0.0001,642.12,1587.0,1408.8,553.73,99,0
7,161,0.0001,0.0004,642.2,1592.83,1407.45,554.02,98,0
7,162,-0.0016,0.0001,642.17,1585.91,1416.62,554.24,97,0
7,163,0.0001,0.0002,642.44,1594.92,1410.41,553.87,96,0
7,164,0.0008,-0.0003,642.3,1581.71,1413.34,553.68,95,0
7,165,-0.0034,0.0002,642.48,1586.57,1408.63,553.88,94,0
7,166,-0.0024,0.0004,643.11,1585.7,1408.71,553.31,93,0
7,167,0.0017,-0.0005,642.65,1583.62,1401.69,554.11,92,0
7,168,-0.0013,0.0,642.23,1591.62,1406.7,553.21,91,0
7,169,0.0036,-0.0003,642.73,1591.4,1405.6,554.35,90,0
7,170,0.0011,-0.0003,642.52,1585.68,1410.37,553.16,89,0
7,171,0.0032,-0.0004,642.58,1589.16,1405.96,553.5,88,0
7,172,-0.0019,-0.0003,642.92,1595.4,1406.01,553.69,87,0
7,173,0.0008,-0.0005,643.01,1587.73,1414.03,552.99,86,0
7,174,-0.004,-0.0001,642.49,1586.42,1397.74,553.78,85,0
7,175,-0.0017,-0.0004,642.68,1595.55,1412.11,553.42,84,0
7,176,-0.0036,0.0001,642.28,1597.97,1415.24,553.17,83,0
7,177,0.0015,0.0003,642.84,1591.36,1410.93,553.6,82,0
7,178,-0.0012,0.0002,642.67,1588.09,1411.27,553.2,81,0
7,179,0.0035,-0.0003,643.0,1591.3,1400.94,553.07,80,0
7,180,0.0038,0.0,642.74,1591.0,1405.0,553.18,79,0
7,181,0.0001,-0.0001,642.36,1588.42,1412.01,553.78,78,0
7,182,0.002,0.0001,642.8,1587.9,1408.38,553.55,77,0
7,183,0.0005,0.0003,642.8,1593.35,1410.52,552.82,76,0
7,184,-0.0,-0.0001,642.51,1598.98,1411.6,553.19,75,0
7,185,0.0009,-0.0002,642.78,1592.49,1404.86,553.48,74,0
7,186,-0.0005,0.0002,642.48,1590.97,1403.32,553.17,73,0
7,187,0.0012,0.0004,642.86,1592.09,1411.99,553.52,72,0
7,188,0.0014,0.0,642.9,1595.07,1412.29,553.51,71,0
7,189,-0.0054,-0.0003,642.8,1591.28,1412.55,553.24,70,0
7,190,0.0006,-0.0003,642.69,1587.13,1415.28,553.74,69,0
7,191,0.0036,0.0004,642.46,1591.4,1411.57,553.03,68,0
7,192,0.0011,0.0003,642.86,1591.21,1410.83,552.67,67,0
7,193,-0.0024,-0.0004,642.13,1588.41,1409.17,553.42,66,0
7,194,-0.0,-0.0002,642.53,1596.68,1405.47,552.63,65,0
7,195,-0.0003,-0.0004,642.42,1590.85,1412.3,552.33,64,0
7,196,0.0005,0.0003,642.89,1592.59,1414.59,553.03,63,0
7,197,0.002,-0.0002,642.72,1596.21,1411.61,553.37,62,0
7,198,0.0023,-0.0002,642.67,1593.2,1407.03,552.71,61,0
7,199,0.0023,0.0002,642.5,1595.0,1406.95,553.53,60,0
7,200,-0.0036,0.0002,642.33,1595.56,1415.32,553.4,59,0
7,201,-0.0036,-0.0004,642.44,1596.61,1410.91,553.07,58,0
7,202,-0.0043,0.0003,642.91,1598.4,1417.06,553.13,57,0
7,203,0.0033,-0.0004,642.88,1596.16,1411.74,552.47,56,0
7,204,0.0007,-0.0004,642.8,1597.85,1417.15,552.96,55,0
7,205,-0.0022,-0.0001,642.78,1590.98,1415.44,552.95,54,0
7,206,0.0009,-0.0002,643.48,1586.96,1403.14,553.47,53,0
7,207,-0.0003,0.0001,642.98,1593.97,1413.89,552.98,52,0
7,208,-0.0007,0.0002,642.81,1590.43,1407.37,553.58,51,0
7,209,0.002,-0.0005,642.67,1595.73,1418.83,552.4,50,0
7,210,0.0021,-0.0003,643.04,1595.21,1418.31,553.14,49,0
7,211,-0.0006,0.0002,642.97,1593.87,1419.64,553.14,48,0
7,212,0.0019,-0.0001,642.93,1594.26,1411.21,552.58,47,0
7,213,0.0008,-0.0001,642.51,1599.51,1414.91,553.05,46,0
7,214,0.0022,0.0002,642.87,1586.43,1415.25,553.41,45,0
7,215,-0.0012,0.0002,642.23,1594.07,1417.42,552.95,44,0
7,216,-0.0029,0.0004,642.94,1592.54,1418.23,553.47,43,0
7,217,-0.0024,-0.0004,643.26,1600.79,1418.59,552.24,42,0
7,218,0.0021,-0.0002,642.93,1583.14,1418.41,552.67,41,0
7,219,0.0022,0.0003,642.92,1593.78,1417.93,552.44,40,0
7,220,-0.0037,-0.0,642.89,1596.6,1416.42,553.2,39,0
7,221,-0.0018,-0.0004,643.21,1590.76,1416.66,552.35,38,0
7,222,0.0023,-0.0005,643.44,1593.45,1416.17,552.45,37,0
7,223,0.0031,0.0004,642.46,1592.69,1411.45,553.06,36,0
7,224,-0.0021,0.0004,643.34,1599.27,1423.7,552.49,35,0
7,225,0.0013,-0.0002,643.1,1601.64,1404.63,552.11,34,0
7,226,-0.0015,-0.0001,642.85,1594.71,1417.37,552.49,33,0
7,227,0.0004,-0.0001,643.3,1600.96,1416.6,551.9,32,0
7,228,-0.0016,0.0003,643.59,1592.29,1423.21,552.01,31,0
7,229,-0.0024,-0.0001,643.53,1593.53,1418.82,552.58,30,1
7,230,-0.001,-0.0004,643.66,1594.24,1418.61,551.88,29,1
7,231,0.0068,0.0003,643.03,1597.7,1415.67,553.04,28,1
7,232,-0.002,-0.0001,643.48,1596.72,1412.12,552.42,27,1
7,233,0.0045,0.0002,642.87,1597.06,1420.78,551.64,26,1
7,234,-0.0021,-0.0002,643.51,1601.02,1424.95,552.84,25,1
7,235,0.0016,-0.0001,643.06,1594.95,1419.33,552.44,24,1
7,236,0.0011,-0.0003,643.14,1595.7,1417.66,552.6,23,1
7,237,0.0006,0.0004,643.45,1596.98,1414.51,551.59,22,1
7,238,0.0022,-0.0005,643.21,1593.11,1419.91,552.25,21,1
7,239,-0.0016,-0.0001,643.13,1597.49,1427.17,552.56,20,1
7,240,-0.0017,-0.0,643.32,1597.45,1432.67,551.48,19,1
7,241,0.0013,-0.0002,643.14,1603.37,1431.51,552.52,18,1
7,242,-0.0007,-0.0005,643.45,1598.75,1420.94,551.63,17,1
7,243,0.0016,0.0004,643.5,1607.7,1417.37,551.88,16,1
7,244,-0.0012,-0.0001,643.11,1601.18,1428.04,551.49,15,1
7,245,0.0027,-0.0001,644.0,1596.94,1426.25,551.82,14,1
7,246,0.0005,0.0002,643.41,1596.23,1433.13,552.23,13,1
7,247,0.0012,0.0002,643.47,1600.74,1424.71,551.26,12,1
7,248,-0.0043,-0.0001,643.87,1591.09,1427.14,552.06,11,1
7,249,0.0017,0.0004,643.13,1598.89,1422.5,552.73,10,1
7,250,0.0036,0.0001,643.94,1598.33,1421.79,551.2,9,1
7,251,0.0021,-0.0,643.83,1601.42,1427.83,551.43,8,1
7,252,-0.0005,-0.0003,643.91,1601.87,1436.55,551.21,7,1
7,253,0.0012,-0.0004,643.53,1596.44,1421.13,551.61,6,1
7,254,-0.001,-0.0004,643.56,1590.69,1423.7,551.12,5,1
7,255,0.005,-0.0004,643.45,1606.52,1422.76,551.17,4,1
7,256,0.0019,0.0001,643.35,1597.88,1428.37,551.31,3,1
7,257,-0.0032,-0.0002,644.27,1602.83,1421.92,551.28,2,1
7,258,-0.0005,0.0001,643.56,1598.95,1425.91,551.59,1,1
7,259,0.0043,-0.0001,644.15,1599.33,1435.04,551.97,0,1
8,1,-0.0026,-0.0003,643.18,1585.17,1409.75,552.31,149,0
8,2,-0.0012,-0.0003,642.92,1585.97,1410.81,552.74,148,0
8,3,0.0001,0.0002,642.74,1591.11,1403.29,552.79,147,0
8,4,-0.0021,0.0005,642.76,1592.22,1406.11,552.13,146,0
8,5,-0.0044,0.0003,643.13,1596.11,1409.34,553.61,145,0
8,6,0.0028,-0.0005,642.55,1596.3,1418.06,552.32,144,0
8,7,-0.0024,0.0004,642.86,1586.88,1404.52,553.54,143,0
8,8,-0.0017,-0.0001,642.75,1589.06,1407.11,552.97,142,0
8,9,-0.0004,0.0002,643.01,1594.26,1413.87,552.61,141,0
8,10,-0.005,-0.0001,642.57,1583.85,1406.7,553.56,140,0
8,11,0.0018,0.0004,642.3,1589.55,1419.87,554.04,139,0
8,12,0.0013,-0.0004,643.02,1587.92,1406.39,553.47,138,0
8,13,-0.0024,0.0004,642.46,1588.36,1407.31,553.57,137,0
8,14,0.0001,-0.0004,642.44,1588.9,1413.77,553.13,136,0
8,15,-0.0028,-0.0003,642.61,1596.78,1411.97,553.06,135,0
8,16,-0.004,0.0004,641.82,1592.93,1410.4,553.15,134,0
8,17,-0.0019,-0.0003,642.61,1592.06,1403.1,553.48,133,0
8,18,-0.0001,-0.0001,642.2,1593.38,1409.63,552.95,132,0
8,19,-0.0048,-0.0004,642.32,1590.23,1406.79,553.75,131,0
8,20,-0.0003,0.0,643.33,1590.41,1405.38,553.09,130,0
8,21,-0.0035,-0.0003,642.74,1586.57,1400.16,553.73,129,0
8,22,0.0045,-0.0001,642.68,1589.24,1412.59,553.2,128,0
8,23,0.0002,0.0002,643.08,1585.98,1415.98,553.14,127,0
8,24,0.0022,-0.0004,642.92,1584.01,1406.58,552.85,126,0
8,25,0.0006,-0.0003,642.85,1585.05,1410.56,553.29,125,0
8,26,0.0015,0.0002,642.23,1589.95,1405.69,553.07,124,0
8,27,-0.002,0.0004,642.83,1590.91,1413.37,553.4,123,0
8,28,-0.0004,0.0001,642.14,1584.76,1411.85,553.68,122,0
8,29,-0.0006,-0.0004,642.89,1592.03,1407.7,553.01,121,0
8,30,0.0004,0.0003,643.08,1588.55,1400.07,552.45,120,0
8,31,0.0003,0.0,642.63,1584.36,1410.45,553.64,119,0
8,32,0.0001,0.0002,642.87,1594.16,1413.85,552.92,118,0
8,33,-0.0025,-0.0001,642.11,1588.7,1416.52,552.9,117,0
8,34,-0.003,0.0001,642.38,1594.25,1406.27,552.76,116,0
8,35,-0.0035,-0.0001,642.79,1591.81,1411.73,553.56,115,0
8,36,-0.0018,0.0001,643.05,1588.74,1414.51,553.27,114,0
8,37,0.0016,-0.0005,642.86,1593.86,1409.9,553.36,113,0
8,38,-0.0004,0.0002,642.91,1592.65,1403.91,552.94,112,0
8,39,-0.0008,0.0004,642.67,1594.9,1409.08,553.02,111,0
8,40,0.0012,0.0004,642.33,1587.05,1409.73,553.2,110,0
8,41,-0.0021,0.0005,643.64,1586.4,1415.03,552.39,109,0
8,42,0.0007,-0.0001,642.45,1596.61,1413.96,553.39,108,0
8,43,0.0043,-0.0,642.12,1589.67,1404.92,553.1,107,0
8,44,0.001,-0.0,642.83,1594.48,1412.23,553.81,106,0
8,45,0.0022,0.0005,642.7,1594.39,1406.87,553.18,105,0
8,46,-0.001,-0.0004,642.66,1582.06,1407.98,553.09,104,0
8,47,-0.0017,0.0,643.19,1597.18,1409.66,552.66,103,0
8,48,-0.0011,-0.0003,643.16,1592.35,1410.66,553.5,102,0
8,49,0.0022,0.0002,642.47,1597.28,1408.45,553.69,101,0
8,50,0.0009,-0.0,642.46,1596.48,1418.47,553.05,100,0
8,51,0.0016,-0.0002,642.3,1596.71,1408.48,552.96,99,0
8,52,0.002,-0.0005,642.91,1591.23,1411.15,553.42,98,0
8,53,0.0029,0.0,642.44,1591.28,1408.73,553.37,97,0
8,54,-0.0015,0.0002,642.8,1586.86,1408.64,553.38,96,0
8,55,0.0011,-0.0,642.55,1587.69,1409.0,552.31,95,0
8,56,0.0017,-0.0003,642.79,1588.22,1412.93,553.19,94,0
8,57,-0.0018,-0.0004,642.51,1587.86,1405.68,552.52,93,0
8,58,0.0022,-0.0001,642.54,1587.61,1415.49,553.74,92,0
8,59,-0.0031,0.0003,642.73,1596.47,1403.96,552.83,91,0
8,60,0.0026,0.0003,642.89,1592.58,1413.38,552.45,90,0
8,61,-0.0025,-0.0002,642.36,1581.06,1410.45,553.78,89,0
8,62,0.0025,0.0005,642.93,1588.92,1406.65,552.12,88,0
8,63,0.0,0.0004,642.38,1593.42,1411.87,552.76,87,0
8,64,-0.0004,-0.0003,643.04,1587.91,1403.83,552.8,86,0
8,65,0.0017,0.0002,642.33,1592.63,1411.72,553.15,85,0
8,66,-0.0012,0.0004,642.65,1589.96,1410.23,553.33,84,0
8,67,-0.0025,0.0001,643.01,1598.92,1416.24,553.62,83,0
8,68,0.0022,-0.0001,642.59,1594.01,1409.46,554.02,82,0
8,69,-0.0028,0.0002,643.06,1590.31,1411.5,553.19,81,0
8,70,0.0027,-0.0003,643.09,1598.38,1409.85,553.02,80,0
8,71,0.0053,-0.0004,642.27,1588.04,1411.2,553.02,79,0
8,72,0.0024,0.0003,642.79,1590.22,1412.92,553.02,78,0
8,73,0.0035,0.0001,642.76,1589.54,1412.9,552.98,77,0
8,74,0.0003,0.0003,643.27,1589.11,1406.93,553.28,76,0
8,75,-0.0026,0.0002,642.42,1588.17,1413.75,553.24,75,0
8,76,0.0024,0.0001,642.69,1587.95,1411.06,553.56,74,0
8,77,-0.0007,-0.0001,642.83,1594.18,1415.54,552.76,73,0
8,78,-0.0001,0.0,643.06,1593.86,1412.77,553.07,72,0
8,79,-0.002,-0.0001,643.18,1590.44,1408.65,552.55,71,0
8,80,0.0006,0.0004,643.09,1586.49,1421.86,552.97,70,0
8,81,0.0015,0.0,642.44,1598.81,1418.07,553.13,69,0
8,82,0.0017,0.0002,643.11,1587.82,1406.94,552.63,68,0
8,83,-0.0017,-0.0002,642.79,1588.27,1406.93,553.02,67,0
8,84,0.0007,0.0002,642.91,1600.62,1416.91,553.39,66,0
8,85,-0.002,-0.0001,643.53,1586.9,1419.03,553.03,65,0
8,86,0.0014,-0.0003,643.57,1595.92,1411.11,552.65,64,0
8,87,-0.0011,0.0004,643.13,1594.3,1419.41,553.26,63,0
8,88,-0.0005,0.0003,643.0,1592.27,1413.99,552.58,62,0
8,89,-0.0027,-0.0004,642.89,1588.92,1414.77,552.99,61,0
8,90,-0.0018,-0.0003,643.04,1597.06,1419.66,553.63,60,0
8,91,0.0024,0.0004,642.85,1597.12,1418.09,553.31,59,0
8,92,0.004,-0.0003,643.22,1587.73,1406.32,553.52,58,0
8,93,0.0012,-0.0002,642.64,1600.04,1412.99,553.25,57,0
8,94,0.0011,-0.0001,642.83,1598.04,1413.58,553.19,56,0
8,95,0.0023,-0.0002,643.23,1593.41,1414.15,552.31,55,0
8,96,0.0032,0.0004,642.87,1597.95,1410.75,553.64,54,0
8,97,0.0011,-0.0003,643.24,1589.77,1414.96,552.79,53,0
8,98,-0.0048,0.0003,642.84,1591.64,1414.43,552.63,52,0
8,99,0.0043,-0.0001,642.14,1596.36,1416.42,552.48,51,0
8,100,0.0008,0.0004,642.33,1595.63,1418.78,552.73,50,0
8,101,-0.0012,0.0002,643.11,1591.38,1421.21,552.64,49,0
8,102,0.0005,0.0004,643.14,1582.62,1413.48,552.27,48,0
8,103,-0.0021,0.0,642.76,1593.92,1411.03,553.11,47,0
8,104,0.0005,0.0004,642.77,1590.73,1418.79,552.61,46,0
8,105,-0.0024,-0.0001,642.64,1592.44,1411.94,552.67,45,0
8,106,-0.0022,0.0004,642.74,1587.49,1412.29,551.51,44,0
8,107,0.0028,-0.0,642.93,1598.31,1420.11,552.75,43,0
8,108,-0.0022,0.0003,642.82,1590.36,1422.19,552.51,42,0
8,109,-0.0057,0.0001,642.9,1596.7,1412.1,553.13,41,0
8,110,-0.0005,0.0002,643.46,1591.04,1413.93,552.65,40,0
8,111,-0.0009,-0.0002,643.11,1592.76,1416.05,552.42,39,0
8,112,-0.001,0.0002,642.9,1603.1,1415.73,552.87,38,0
8,113,0.0021,-0.0005,643.23,1598.37,1410.46,552.1,37,0
8,114,0.001,0.0005,642.96,1594.91,1415.05,552.75,36,0
8,115,-0.002,0.0002,642.73,1598.5,1415.49,552.46,35,0
8,116,0.0015,-0.0001,643.29,1593.72,1419.78,552.68,34,0
8,117,-0.0049,0.0001,643.14,1587.02,1419.89,553.04,33,0
8,118,0.0011,-0.0,642.94,1585.36,1411.35,552.14,32,0
8,119,0.0002,-0.0003,643.38,1594.55,1416.89,552.61,31,0
8,120,0.0003,-0.0002,643.44,1600.04,1417.09,552.39,30,1
8,121,-0.0015,0.0002,642.98,1594.55,1417.41,551.98,29,1
8,122,-0.0027,-0.0003,643.37,1593.25,1422.75,551.66,28,1
8,123,-0.0007,-0.0001,643.81,1597.23,1419.95,552.67,27,1
8,124,-0.001,-0.0003,643.09,1595.92,1419.7,552.14,26,1
8,125,0.001,0.0001,643.84,1593.45,1424.0,552.24,25,1
8,126,0.0001,0.0005,643.15,1599.98,1420.01,552.09,24,1
8,127,-0.0014,0.0002,643.53,1595.04,1416.81,551.79,23,1
8,128,0.0004,0.0004,643.34,1598.47,1427.67,552.07,22,1
8,129,0.0024,0.0003,642.87,1593.87,1418.54,551.82,21,1
8,130,0.003,0.0005,642.95,1600.15,1414.35,551.52,20,1
8,131,0.0048,0.0002,643.48,1593.32,1425.47,552.09,19,1
8,132,-0.0008,-0.0004,643.55,1596.48,1419.07,551.32,18,1
8,133,0.002,0.0003,643.8,1597.34,1416.24,551.83,17,1
8,134,0.002,0.0003,644.02,1597.2,1425.3,552.06,16,1
8,135,-0.0018,0.0003,643.22,1596.04,1422.09,551.91,15,1
8,136,0.0011,0.0003,643.55,1601.77,1418.93,551.63,14,1
8,137,0.0003,0.0,643.38,1598.04,1424.6,551.17,13,1
8,138,0.0031,0.0,643.68,1597.92,1429.13,551.7,12,1
8,139,-0.0014,-0.0004,642.78,1597.03,1424.37,551.96,11,1
8,140,0.0003,-0.0002,643.53,1593.54,1419.01,551.5,10,1
8,141,-0.0008,0.0003,643.46,1595.97,1422.62,551.19,9,1
8,142,-0.0001,-0.0004,643.23,1601.14,1427.03,551.86,8,1
8,143,0.0014,-0.0005,643.44,1610.35,1426.08,551.38,7,1
8,144,0.0037,0.0002,643.95,1603.96,1422.82,551.29,6,1
8,145,0.0005,0.0003,643.6,1599.71,1427.14,551.32,5,1
8,146,0.0001,-0.0004,643.49,1605.73,1421.14,551.4,4,1
8,147,0.0018,-0.0004,643.32,1601.4,1429.5,551.1,3,1
8,148,-0.0003,-0.0,643.43,1605.59,1421.3,551.73,2,1
8,149,0.0011,0.0001,643.87,1605.12,1428.29,550.49,1,1
8,150,0.0026,-0.0003,643.87,1602.84,1432.31,551.08,0,1
9,1,0.0005,0.0004,642.18,1582.99,1396.22,554.35,200,0
9,2,0.0001,0.0001,641.91,1580.17,1394.7,554.85,199,0
9,3,-0.0009,-0.0003,642.5,1587.57,1396.79,554.75,198,0
9,4,-0.0022,0.0001,642.04,1584.66,1406.4,555.19,197,0
9,5,-0.0018,-0.0003,642.06,1580.0,1400.12,554.84,196,0
9,6,0.0009,-0.0005,641.84,1589.51,1401.32,554.42,195,0
9,7,-0.0021,-0.0004,641.66,1584.33,1400.27,553.55,194,0
9,8,0.0018,0.0,641.46,1581.9,1392.49,555.66,193,0
9,9,0.0003,-0.0004,641.99,1580.58,1394.58,554.88,192,0
9,10,0.0009,-0.0002,641.77,1580.84,1391.62,554.37,191,0
9,11,-0.0012,-0.0004,642.33,1581.8,1400.58,553.61,190,0
9,12,-0.0001,-0.0001,641.63,1584.2,1402.16,554.36,189,0
9,13,0.003,-0.0003,641.97,1589.32,1399.58,553.84,188,0
9,14,-0.0022,0.0003,642.44,1584.43,1398.28,554.68,187,0
9,15,-0.0048,-0.0001,641.89,1587.29,1394.71,555.01,186,0
9,16,0.0001,0.0005,642.18,1587.42,1400.74,554.3,185,0
9,17,-0.0043,0.0,641.63,1587.14,1395.4,554.68,184,0
9,18,-0.0013,-0.0001,641.7,1592.2,1396.41,553.78,183,0
9,19,0.0012,-0.0001,641.73,1579.41,1398.7,554.76,182,0
9,20,-0.0023,0.0003,642.11,1577.05,1389.2,555.07,181,0
9,21,-0.0016,-0.0004,642.03,1579.94,1394.42,554.75,180,0
9,22,-0.0001,-0.0005,642.25,1579.87,1399.51,554.39,179,0
9,23,0.0015,0.0004,641.41,1585.55,1402.96,554.57,178,0
9,24,0.0035,0.0003,642.04,1585.23,1394.39,553.95,177,0
9,25,0.0003,0.0001,642.2,1585.38,1397.22,554.44,176,0
9,26,0.0021,0.0002,642.72,1584.85,1396.74,555.45,175,0
9,27,0.0022,0.0004,642.55,1593.03,1395.38,554.34,174,0
9,28,0.001,-0.0001,641.88,1582.39,1396.46,555.12,173,0
9,29,-0.0009,-0.0005,642.17,1578.06,1398.25,554.2,172,0
9,30,0.0022,0.0004,641.96,1584.82,1396.4,554.62,171,0
9,31,-0.0001,0.0001,642.33,1589.31,1393.67,554.49,170,0
9,32,-0.0018,0.0,641.89,1588.4,1390.48,554.32,169,0
9,33,0.0019,0.0004,642.02,1585.92,1395.64,554.07,168,0
9,34,-0.0024,0.0004,642.09,1588.32,1405.48,553.88,167,0
9,35,0.0016,-0.0001,642.02,1589.52,1400.73,554.69,166,0
9,36,-0.0022,-0.0,641.85,1582.88,1396.31,553.95,165,0
9,37,-0.0009,-0.0003,642.35,1579.77,1397.08,553.84,164,0
9,38,-0.0012,0.0002,641.74,1590.18,1393.55,555.04,163,0
9,39,0.0009,0.0003,642.51,1588.38,1400.47,554.35,162,0
9,40,-0.0049,0.0004,642.38,1592.26,1393.79,554.12,161,0
9,41,0.0009,-0.0002,642.23,1582.98,1392.08,554.44,160,0
9,42,0.0029,0.0003,642.19,1582.46,1397.76,554.15,159,0
9,43,-0.0013,-0.0,642.21,1583.62,1395.74,554.44,158,0
9,44,0.0008,-0.0005,642.03,1576.57,1397.21,554.0,157,0
9,45,-0.0017,0.0002,641.91,1578.31,1395.2,554.05,156,0
9,46,0.0003,0.0002,642.02,1576.37,1403.72,554.78,155,0
9,47,-0.001,0.0001,642.14,1583.6,1401.14,554.72,154,0
9,48,0.0009,0.0001,642.36,1586.08,1394.15,554.9,153,0
9,49,0.0016,0.0004,642.42,1580.82,1393.84,554.33,152,0
9,50,0.0029,0.0,641.95,1585.84,1396.96,554.37,151,0
9,51,-0.001,0.0005,641.85,1590.61,1394.64,554.39,150,0
9,52,-0.0016,-0.0005,641.79,1586.48,1390.75,554.92,149,0
9,53,-0.0004,-0.0002,641.9,1588.27,1394.15,554.88,148,0
9,54,-0.0022,0.0004,642.36,1582.51,1389.74,554.28,147,0
9,55,0.0024,0.0002,642.27,1583.8,1400.69,554.74,146,0
9,56,-0.0011,-0.0002,642.01,1582.0,1397.74,554.13,145,0
9,57,-0.0016,0.0001,642.44,1577.63,1398.72,554.86,144,0
9,58,-0.0028,-0.0005,642.62,1585.2,1402.6,554.52,143,0
9,59,-0.003,0.0004,642.14,1589.48,1401.5,554.46,142,0
9,60,-0.0024,0.0001,642.54,1584.68,1398.98,553.98,141,0
9,61,-0.001,-0.0004,642.27,1582.62,1389.95,555.0,140,0
9,62,0.0044,-0.0005,642.3,1586.22,1396.13,554.45,139,0
9,63,0.0005,-0.0002,642.62,1582.67,1393.77,554.42,138,0
9,64,-0.001,-0.0003,641.99,1584.05,1398.39,554.98,137,0
9,65,0.0016,0.0003,642.64,1582.06,1400.38,554.36,136,0
9,66,0.0003,-0.0001,642.2,1585.41,1394.61,554.37,135,0
9,67,0.0017,0.0002,641.9,1586.88,1403.17,554.07,134,0
9,68,0.0007,0.0003,642.07,1584.94,1399.61,554.41,133,0
9,69,-0.0003,0.0003,642.04,1584.82,1392.73,554.73,132,0
9,70,0.0009,-0.0005,641.94,1585.09,1398.8,553.79,131,0
9,71,-0.0014,0.0003,641.82,1590.96,1407.83,554.27,130,0
9,72,0.0022,-0.0,641.85,1577.38,1406.79,554.34,129,0
9,73,0.0,-0.0,641.8,1582.66,1399.71,554.45,128,0
9,74,-0.0035,0.0003,642.33,1583.15,1400.1,554.15,127,0
9,75,0.0,0.0001,642.81,1587.78,1406.51,554.04,126,0
9,76,-0.0018,-0.0003,642.01,1574.3,1400.42,554.23,125,0
9,77,0.0008,-0.0005,642.03,1585.42,1404.25,554.24,124,0
9,78,-0.0005,-0.0001,641.81,1586.47,1406.3,554.52,123,0
9,79,-0.0027,-0.0005,642.22,1587.87,1392.83,554.18,122,0
9,80,-0.0046,-0.0002,641.88,1584.25,1400.68,554.89,121,0
9,81,0.0001,0.0004,642.16,1586.42,1399.24,554.03,120,0
9,82,0.001,0.0003,642.17,1585.45,1402.04,554.26,119,0
9,83,-0.0021,0.0003,641.76,1585.4,1397.5,554.15,118,0
9,84,-0.0008,-0.0002,642.1,1583.96,1398.43,555.01,117,0
9,85,-0.0015,-0.0002,641.95,1586.76,1400.9,553.89,116,0
9,86,-0.0009,0.0003,641.67,1588.86,1403.43,553.78,115,0
9,87,0.0005,0.0004,642.34,1591.24,1392.08,553.78,114,0
9,88,-0.0001,-0.0003,641.71,1580.37,1398.54,553.98,113,0
9,89,-0.0007,0.0003,642.21,1592.17,1399.66,554.21,112,0
9,90,0.0024,0.0003,642.44,1584.42,1401.57,554.56,111,0
9,91,0.0008,-0.0003,642.05,1579.7,1405.67,554.48,110,0
9,92,-0.0007,0.0,642.02,1585.64,1399.92,554.41,109,0
9,93,0.0005,0.0003,642.08,1591.47,1405.21,553.49,108,0
9,94,-0.0027,-0.0003,642.05,1593.45,1401.46,554.6,107,0
9,95,-0.0017,-0.0003,642.38,1585.12,1395.08,553.67,106,0
9,96,0.001,-0.0001,642.41,1584.72,1397.68,554.18,105,0
9,97,-0.0021,0.0003,642.41,1586.47,1404.15,554.51,104,0
9,98,-0.001,0.0005,642.75,1586.33,1400.38,553.98,103,0
9,99,-0.0041,0.0002,642.39,1583.53,1400.32,554.47,102,0
9,100,-0.0021,0.0003,642.24,1589.51,1394.51,553.9,101,0
9,101,0.0033,0.0005,642.47,1587.89,1401.94,554.71,100,0
9,102,0.0002,-0.0001,642.33,1586.42,1396.58,554.31,99,0
9,103,-0.0011,0.0004,641.93,1590.3,1403.32,554.04,98,0
9,104,-0.0008,-0.0003,642.35,1588.74,1403.04,554.32,97,0
9,105,0.0037,0.0001,641.81,1590.74,1399.4,554.71,96,0
9,106,0.0045,0.0003,642.68,1590.52,1401.0,554.37,95,0
9,107,-0.0014,0.0002,641.9,1582.4,1405.78,554.79,94,0
9,108,-0.0028,0.0002,642.46,1582.5,1396.02,554.53,93,0
9,109,0.0024,0.0004,642.18,1583.91,1406.15,554.2,92,0
9,110,-0.0002,-0.0002,642.03,1588.57,1394.19,553.57,91,0
9,111,-0.0005,0.0002,642.9,1584.82,1398.69,554.72,90,0
9,112,0.0029,0.0001,642.69,1588.48,1403.69,554.19,89,0
9,113,-0.0001,-0.0003,642.0,1578.0,1401.6,554.66,88,0
9,114,0.005,-0.0003,642.03,1588.62,1399.35,554.06,87,0
9,115,-0.0024,0.0,642.6,1584.83,1400.65,554.71,86,0
9,116,0.0025,0.0,642.53,1584.24,1386.43,553.94,85,0
9,117,-0.0024,0.0002,641.76,1588.65,1402.37,554.35,84,0
9,118,0.0017,-0.0,642.31,1588.73,1412.17,554.0,83,0
9,119,-0.0034,-0.0002,642.37,1586.73,1397.87,554.56,82,0
9,120,-0.0011,0.0001,642.01,1580.71,1394.99,554.4,81,0
9,121,-0.0012,0.0003,642.21,1587.72,1398.53,554.55,80,0
9,122,-0.0003,-0.0002,642.55,1596.55,1404.44,553.64,79,0
9,123,-0.0013,-0.0002,642.56,1597.71,1398.36,553.52,78,0
9,124,-0.0029,0.0003,642.42,1588.05,1396.84,553.83,77,0
9,125,-0.0037,-0.0005,642.74,1586.93,1402.64,554.35,76,0
9,126,-0.0015,0.0,642.68,1583.34,1398.03,553.9,75,0
9,127,-0.0057,0.0004,642.36,1588.29,1403.56,554.1,74,0
9,128,-0.0057,0.0001,642.43,1589.84,1406.91,554.93,73,0
9,129,-0.0049,0.0,642.77,1588.02,1399.03,553.8,72,0
9,130,-0.0014,0.0002,642.6,1589.58,1399.16,554.4,71,0
9,131,-0.0023,0.0003,642.25,1589.06,1395.46,553.95,70,0
9,132,0.0034,-0.0004,642.15,1593.99,1397.84,553.57,69,0
9,133,-0.0001,0.0004,642.73,1587.86,1406.84,554.48,68,0
9,134,0.0033,-0.0004,642.61,1593.65,1408.87,553.87,67,0
9,135,0.0006,-0.0,642.26,1594.48,1397.92,553.79,66,0
9,136,-0.0003,0.0003,642.57,1588.21,1405.17,554.32,65,0
9,137,-0.0048,-0.0001,642.63,1594.85,1404.57,554.2,64,0
9,138,-0.0023,0.0005,642.6,1590.0,1401.97,554.07,63,0
9,139,-0.0045,-0.0003,642.67,1593.77,1405.55,554.29,62,0
9,140,0.0005,-0.0005,642.9,1595.5,1399.53,553.82,61,0
9,141,-0.002,-0.0001,642.57,1589.27,1402.76,554.32,60,0
9,142,0.001,-0.0002,642.15,1582.78,1403.63,554.09,59,0
9,143,-0.0009,-0.0002,642.16,1591.78,1405.24,554.33,58,0
9,144,0.0003,-0.0005,642.58,1593.66,1405.62,553.87,57,0
9,145,0.0024,-0.0004,642.16,1591.9,1399.45,554.12,56,0
9,146,0.0006,-0.0005,642.96,1582.97,1405.57,553.96,55,0
9,147,0.002,0.0003,642.18,1588.5,1404.5,554.07,54,0
9,148,0.0029,-0.0003,641.94,1591.11,1400.75,553.62,53,0
9,149,-0.0019,0.0004,642.6,1589.07,1401.45,554.24,52,0
9,150,0.0008,0.0004,642.32,1594.79,1406.44,553.97,51,0
9,151,-0.0042,-0.0003,641.94,1583.76,1407.19,553.95,50,0
9,152,-0.0007,-0.0002,642.65,1586.94,1419.46,554.41,49,0
9,153,0.0016,0.0001,642.2,1589.11,1410.85,553.88,48,0
9,154,-0.0013,-0.0004,642.66,1593.14,1405.96,554.24,47,0
9,155,0.0008,0.0001,642.86,1588.68,1411.51,553.61,46,0
9,156,-0.0,0.0002,642.68,1585.05,1404.54,554.5,45,0
9,157,-0.0005,-0.0,642.82,1591.95,1401.39,554.36,44,0
9,158,0.003,-0.0004,642.61,1594.78,1399.17,553.56,43,0
9,159,0.0005,0.0003,642.67,1585.67,1401.96,554.01,42,0
9,160,-0.0026,-0.0003,642.47,1588.7,1407.75,555.05,41,0
9,161,0.0006,0.0001,642.96,1584.58,1412.27,554.44,40,0
9,162,-0.0019,-0.0003,642.76,1592.35,1411.12,553.91,39,0
9,163,0.0012,0.0001,642.64,1589.33,1411.84,553.2,38,0
9,164,0.0041,-0.0001,643.05,1596.45,1402.53,553.77,37,0
9,165,-0.0004,0.0001,642.56,1595.52,1411.15,553.75,36,0
9,166,0.0015,0.0003,642.96,1592.6,1411.1,553.73,35,0
9,167,0.0025,-0.0001,642.81,1589.01,1403.24,554.35,34,0
9,168,0.0015,-0.0003,642.77,1590.97,1411.1,553.62,33,0
9,169,-0.0033,-0.0002,642.83,1594.76,1404.33,554.16,32,0
9,170,0.001,-0.0003,642.61,1588.33,1410.55,553.2,31,0
9,171,0.0024,0.0002,642.34,1587.08,1418.0,552.79,30,1
9,172,0.0041,0.0004,643.07,1593.98,1410.93,553.53,29,1
9,173,-0.0029,-0.0004,642.57,1589.82,1403.42,553.84,28,1
9,174,0.0002,0.0001,642.57,1595.3,1417.95,553.52,27,1
9,175,0.0023,0.0001,642.89,1595.01,1412.09,552.79,26,1
9,176,0.001,-0.0001,643.16,1591.56,1408.48,553.89,25,1
9,177,-0.0047,0.0003,642.83,1595.84,1408.22,553.54,24,1
9,178,-0.0013,-0.0002,643.3,1594.77,1407.18,552.79,23,1
9,179,0.0007,0.0003,643.01,1600.05,1412.2,553.9,22,1
9,180,-0.0008,0.0002,643.05,1594.96,1406.19,553.86,21,1
9,181,-0.0008,-0.0004,643.23,1602.99,1417.63,553.83,20,1
9,182,0.0002,-0.0004,643.01,1596.98,1416.51,552.95,19,1
9,183,0.0015,0.0004,643.07,1590.68,1410.37,552.94,18,1
9,184,-0.0024,-0.0001,643.55,1602.59,1415.55,553.87,17,1
9,185,0.002,-0.0004,643.2,1601.8,1420.83,552.81,16,1
9,186,-0.0004,0.0,643.16,1593.59,1415.44,552.4,15,1
9,187,-0.0022,-0.0,643.55,1607.04,1421.69,552.45,14,1
9,188,-0.006,0.0003,642.83,1601.88,1417.4,552.83,13,1
9,189,0.0025,-0.0002,642.84,1596.03,1418.62,552.84,12,1
9,190,-0.0016,0.0002,643.73,1595.56,1417.78,553.36,11,1
9,191,-0.0001,-0.0001,643.38,1602.92,1423.1,552.52,10,1
9,192,0.0015,0.0004,643.23,1598.22,1420.21,552.31,9,1
9,193,-0.0011,-0.0004,643.32,1602.15,1427.4,552.36,8,1
9,194,-0.0001,-0.0,643.13,1599.34,1418.42,552.36,7,1
9,195,0.0007,0.0001,642.7,1602.99,1431.01,552.15,6,1
9,196,-0.0018,-0.0001,643.24,1597.81,1424.02,551.75,5,1
9,197,0.0006,0.0005,643.42,1596.7,1417.01,552.63,4,1
9,198,0.0022,-0.0002,643.46,1599.45,1433.83,552.86,3,1
9,199,-0.0026,0.0002,643.69,1603.7,1429.19,551.71,2,1
9,200,-0.0014,-0.0004,643.4,1602.89,1431.95,552.29,1,1
9,201,-0.0016,0.0004,644.04,1595.36,1428.43,552.3,0,1
10,1,-0.0014,0.0004,641.92,1587.93,1392.2,554.37,221,0
10,2,0.0009,0.0005,642.22,1586.81,1392.03,554.76,220,0
10,3,0.0009,-0.0,642.16,1581.06,1395.51,554.42,219,0
10,4,0.001,0.0004,642.14,1590.17,1388.15,554.19,218,0
10,5,-0.002,-0.0003,642.13,1581.09,1396.37,554.26,217,0
10,6,0.0032,0.0004,641.99,1585.13,1394.91,554.48,216,0
10,7,-0.0017,0.0002,642.44,1582.96,1394.26,555.06,215,0
10,8,0.0011,-0.0003,641.61,1584.53,1392.39,554.28,214,0
10,9,0.0019,0.0003,641.78,1580.52,1401.27,554.27,213,0
10,10,-0.0025,-0.0001,642.02,1581.9,1398.55,555.23,212,0
10,11,0.0002,0.0005,642.48,1585.62,1400.69,553.8,211,0
10,12,0.0017,0.0001,642.2,1591.59,1396.26,554.67,210,0
10,13,0.0022,0.0,641.98,1578.1,1395.18,554.77,209,0
10,14,0.0013,0.0005,642.03,1583.94,1400.37,553.95,208,0
10,15,-0.0074,0.0001,642.3,1586.21,1393.99,554.72,207,0
10,16,0.0027,-0.0003,641.87,1589.94,1397.33,554.65,206,0
10,17,-0.0014,0.0003,641.79,1585.44,1400.99,554.62,205,0
10,18,-0.002,0.0001,641.87,1580.13,1395.47,554.67,204,0
10,19,0.001,0.0002,642.29,1589.25,1396.14,554.48,203,0
10,20,0.0009,0.0002,641.88,1583.88,1397.1,554.12,202,0
10,21,0.0047,-0.0004,642.14,1580.79,1399.2,554.68,201,0
10,22,0.001,-0.0001,642.28,1588.92,1397.3,554.96,200,0
10,23,-0.0035,0.0003,642.36,1589.48,1395.85,554.58,199,0
10,24,-0.0047,-0.0004,642.0,1583.85,1393.75,554.92,198,0
10,25,-0.0036,0.0003,642.76,1581.08,1406.96,555.22,197,0
10,26,0.0008,0.0002,642.48,1590.13,1392.6,555.23,196,0
10,27,0.0013,0.0004,642.17,1582.59,1396.89,553.83,195,0
10,28,0.0007,0.0001,641.74,1585.77,1392.56,555.02,194,0
10,29,-0.0002,0.0003,641.47,1583.06,1396.87,555.42,193,0
10,30,0.0052,-0.0002,641.9,1587.36,1402.48,554.46,192,0
10,31,0.0024,0.0003,642.2,1586.25,1398.36,554.78,191,0
10,32,-0.0016,-0.0002,641.84,1586.55,1392.5,554.77,190,0
10,33,0.0013,0.0001,642.55,1582.9,1396.54,554.63,189,0
10,34,0.0028,0.0002,642.52,1582.14,1397.64,554.21,188,0
10,35,-0.0017,0.0001,642.0,1585.28,1399.6,554.18,187,0
10,36,-0.0021,0.0001,641.46,1580.69,1396.29,554.43,186,0
10,37,0.0026,0.0002,641.97,1575.6,1398.36,554.34,185,0
10,38,-0.0003,0.0004,642.2,1589.84,1397.83,555.12,184,0
10,39,-0.0019,-0.0002,642.78,1586.67,1390.9,554.76,183,0
10,40,-0.0009,-0.0002,642.12,1583.04,1393.76,554.21,182,0
10,41,-0.0044,0.0003,641.64,1589.84,1393.32,554.62,181,0
10,42,0.0001,0.0002,641.48,1579.48,1398.05,554.76,180,0
10,43,0.002,-0.0,642.67,1571.04,1401.83,554.0,179,0
10,44,-0.0003,0.0003,642.14,1580.44,1399.42,554.22,178,0
10,45,-0.0002,0.0005,642.03,1580.26,1398.18,554.73,177,0
10,46,-0.0035,-0.0002,642.03,1587.64,1398.27,555.18,176,0
10,47,0.0018,-0.0004,642.08,1577.61,1393.94,554.03,175,0
10,48,0.0016,-0.0003,641.97,1583.8,1402.0,554.64,174,0
10,49,0.0035,0.0,642.24,1580.77,1398.39,554.84,173,0
10,50,0.001,0.0005,641.87,1585.37,1400.5,554.45,172,0
10,51,0.0009,0.0004,642.2,1581.49,1395.73,554.68,171,0
10,52,0.0004,-0.0002,641.76,1588.52,1401.12,554.26,170,0
10,53,-0.002,0.0,641.76,1590.49,1397.38,554.83,169,0
10,54,0.0014,0.0004,641.84,1584.1,1402.76,554.51,168,0
10,55,-0.0007,0.0003,641.76,1577.97,1398.77,553.48,167,0
10,56,-0.0013,0.0003,642.21,1586.45,1396.86,555.25,166,0
10,57,-0.0006,0.0004,641.82,1586.01,1400.77,554.07,165,0
10,58,-0.0009,-0.0001,642.15,1582.48,1398.42,554.3,164,0
10,59,0.0005,0.0002,642.3,1592.5,1401.01,553.85,163,0
10,60,-0.0003,0.0004,642.04,1584.0,1402.06,554.41,162,0
10,61,-0.0019,0.0004,642.28,1581.82,1393.03,554.39,161,0
10,62,0.0008,-0.0002,642.52,1584.46,1400.1,554.15,160,0
10,63,0.0009,-0.0,641.54,1584.86,1397.06,554.3,159,0
10,64,-0.0012,0.0004,642.17,1588.3,1398.52,554.38,158,0
10,65,-0.0004,-0.0003,642.34,1583.08,1400.65,554.44,157,0
10,66,0.0009,0.0002,641.95,1588.58,1399.24,554.45,156,0
10,67,-0.002,0.0002,642.04,1589.24,1407.4,555.01,155,0
10,68,0.0005,0.0005,641.8,1589.24,1404.08,554.6,154,0
10,69,0.001,-0.0002,642.21,1580.5,1393.64,554.58,153,0
10,70,0.0005,0.0004,642.01,1581.0,1395.29,554.21,152,0
10,71,0.0033,0.0005,641.76,1583.8,1394.25,554.25,151,0
10,72,-0.0035,0.0005,642.18,1589.95,1404.12,554.18,150,0
10,73,-0.0012,0.0004,641.96,1587.22,1401.15,554.78,149,0
10,74,0.0023,-0.0004,642.17,1588.49,1399.61,553.9,148,0
10,75,-0.0034,0.0005,642.01,1583.19,1394.16,554.36,147,0
10,76,-0.0016,-0.0004,641.99,1584.28,1397.09,554.1,146,0
10,77,-0.0023,0.0,642.4,1582.58,1405.17,553.99,145,0
10,78,-0.001,0.0001,642.24,1581.58,1398.63,554.52,144,0
10,79,-0.0022,-0.0002,642.02,1580.75,1400.71,554.43,143,0
10,80,0.0005,0.0003,642.1,1582.28,1398.55,554.4,142,0
10,81,-0.0001,0.0003,641.88,1586.24,1398.36,555.04,141,0
10,82,-0.0012,-0.0003,642.19,1585.16,1397.04,554.45,140,0
10,83,0.0049,-0.0,641.98,1589.84,1406.27,554.32,139,0
10,84,0.0062,-0.0001,642.27,1585.49,1397.59,554.37,138,0
10,85,0.0022,0.0003,642.01,1590.1,1391.74,553.68,137,0
10,86,-0.0007,0.0004,641.96,1583.55,1404.97,554.5,136,0
